acct,event_date
80bd1c28b47357a3d37a01835ebb1bed5edf54e791bd3d6b507091e36e25d279,87
b8c11db05d00b5ac66be10ffee5f6ce6ef9221c733a4bb68502c7494cc99086d,19
daa05c68b290ac3cc522abad400c5304dffba07baa232cc6dadd1682e923eb7e,81
174e26ecc9cee56aaaca855c743a106275c58629740a49475d92ed8b4ad4d26c,88
007cf5c98aa4f9f3e444c9cdaca74d0f7542e9a28042012b49a18c24e758d710,117
3cc3d14ff57d2518c18b0352383979bac4c102ae8902056072f87bdb7df5690a,100
fd6da4c149c34652b3e0482bea500e5d65d2f8a05311dd5282ac986c38cf2508,65
82f43d1cccc8b43a6b863a0220941a537afa96dd39e3fafdbb90ea226467fd4c,85
424d3f81f3e4e03b85598bab52cfee8686d5e1e1df5421400b0e4040155445df,32
e251b40448909fac5ebd54dfe04499bdde8568df4a2103f7fff7b474a3060ac3,110
6c5fe94aeef076e9b39ac08ee3dc616288512b084ce131e0e78da071c3757000,99
940d55eea3715a1be984bfeb5a4eb6097049dae22aa29372d4f23eaaff44aafc,62
d2530c5bae3794a074cbe50fa68518ae59ba877cdcd219eb870b0660498801fa,88
0ade250b3c43db1975fc85e3dc17ed6bdf1c6503a390cabfcac2d090ee625c7d,67
e95d3ccc1b93bd73b7f2d763163e6517dbc71ed18e92a8b3a95e539cd10784b8,81
a93c48783e7d77772c67c0dc38d5fe45d3022ff879c74ccd149b66457ab24423,115
156eb4062c22e3ada40867433aba04f82265f93023816366afa5de7dcecac790,80
b5e5f0711587e2476b1ea07672063243ee93c203703b7dbd30dec7886b92230c,108
f267952a0ce031831a7bba98f9aa4a883c8c349d691397d01e30be0436290b9d,71
5bc7a3f5771185b8ec6c738a84ddce3f0cef93eca8e718e944330465e3095a4e,101
8ca4d47cd87fc7aadcab97f8bc396ec71d99db444f9ca9fc36241f3610ef989d,111
1c7a0edfa468ddfe034dd3f6ec590b531dbbbbd7805bbea6c4fbc9dfe9009536,88
38894ef22b215c6a01d8f6cd893f42cb788aaa3109db08e691d205093947c74c,74
0a6740e1cf8a269f24940737cf3927fbe31f2ed09e3039be400e237317ae17ac,37
705edb7ccd02c7ee986819e0a786e93b1e43a99aac83e0eef7da2621349585e6,53
4d9a35a9aaf03cbc896f69ccbc0759a04132883dce27a6dd1bad16b7a0ef6a53,107
10b730b3c70e5bc97e2884f1e56d98c7c9daa0c715d020805bd814e3298611f0,37
7c4fabaa0df499ad906f27f23fdc6379cdcf3371af1771bea046850005ff3eb6,35
cbbcc211fd1a9d0c30377915ea40e78f70aa6e06ef9ba4c5712cf5ca79e1f79f,121
e7c92b62ac47c0a259e57550926dbb7a6b10b12a82e7e25539685df9e7d687fb,68
b1d5284ad19b45aca767a4daa2b9d1ef98a6fdbd7c9d3f9ea7bed5dc1d5e64ec,10
12b8fe059d058e7e93ff56dae57d0d45a2162fcc7169ca98120a07a8dfe4df74,103
055fa61872efcebcf561b7d299b97ea2770b76b0dcafc593dd4d2538967624f6,50
577793a9b442a3aba9c1e5bad27794f4d7454a90af1dbfd9a4c2630caad5e06f,18
4d0913f2561417119889ad0db288eb7eb51c44d32cca5651578aeccb5d2712ce,75
4ce10fd7ecda72c0086c2372f6d9cf172d2e4104eb6e338140a724b485a25fc0,14
23b6be28158ac1125b65bc9cfea42a1401d54295aaa752db9ed057c12b03bba5,107
d1deb7f38ebafd1a12d4d406d24c3850f56fe4605c970d0bdffffb2cc516609c,8
7a15e4fbcdefcb77f8210f6216f8cdce04bd4bf2f11c0919cb58c478566e534b,79
5da6462e77f67a2786cf24ea66b7ca0bf89fb6dea480e34699213a8ed7aa03c8,117
e00d2e6b2d73515c465fd25bb2d2feedba67d9431f65e1c05d3e1fc2d0573405,119
ded096f3dd25d6f0f379197ebd2cf3dc801c0041362e2b846a519945b10a0620,64
2b93a170649f7c2a1bb52588789a389454c3b28270cf4648ea31699d40695309,6
103a6e6e6f65a24aed128364a3444498bb342cd2592b6f7975a13168c2fe6e6e,18
aa8415ac46125191f2c0df2b7a42ee7b9c17f210e2456aa21f61788e8f957763,71
a22cbce85b32175cf27c722f7082da69d2cf2bec920ce9986816fc2b74a1e5bf,62
3da454abc2490188424f2a7bffc6656bdaafa89b8cf556da82c26ea5a7b5fc91,60
2f41ed5965016045368f40dfc00c0590899b32a408129be45c997a325d1a5861,83
0bb25168b959d82cfeecb5e437f28c1ad6aab2fdc7176283878a6d2645ee1936,81
69918bfcf6117fa131d81be9b6e33757b062815c4a487e7bb6fde85f5a3df4f7,97
e20ee8c20844f180362f06169fdf15a6d2777490b3aab45ef7faabc136327ba7,12
5597d630c8909a34310a86074a735672b7aa708c4b8544dc4706607bb396b899,15
854e49117bb4668a22167beb081afbd9b2c9d32695ef3132632f7281b0cf7f63,61
a5bd06cb8cb7963b67588617d8089170feaf504f5032c1d4dc1858f2dd622b9d,88
c8cf295cc0fd9f2a625662b3ec3b387880992a3c5d6b627d2a5004aba9ab1de5,74
d75c97b0e71e6c16278254c5552ec2dfd77b9eb47783fce14bbfb8b29874ad75,66
e8af77019a85dc95179473afc6bc74b2c257fb80fecaec94c307757a33b4221f,40
542f915fc2af73b5392f1265858cacb0c8266c3f70703e7204ae64ae5d0c6b10,60
1f1e6b8de69dc558aadf8596609b1bc6b04a96e102d4eefa50264dd5eb389d60,113
98768fd3b17421b169f33dc3ff57642f878f2fa96029412381e025b8d69143a2,57
e49147a2dc0ceffb3dfd4d69dffaca8c88e459a4a78d618a585d3fe382f031fe,76
64f017da320b90ccb229e1b76c7ed90c8cde82df319ed5d6b80e01211573fd23,106
9124d72fb55bf4b224a66da960394941d63147fcc94041b0fd8b89779d4d0deb,84
4c14e508185fb9b3a0231e4ca7c5113d8d1958c68d147d09d284c1bf0e0191df,33
c250c14acf9e2f2c3d6ae2cc25359280164972fc27702983d284e0624fc5d693,109
fb9ac045b0051f8895840079aeaa6a39564d6f95c4583c704b008bb0373b6a54,31
0d0ccc3457f69e8d6b7a733ebfb65e8ce91a9b89b5ff27cba7111f39272ebc2d,23
8f26e457dcd038c94d38af38ed48641b4e5f2ac84fb44003805cfeb53b8c5def,64
0f196bf637bc16758309e8be5f67efb8abb4d89aa8b36579e409e0bbaf2c614c,109
b69cb2f99f2479dafa1c5ab02932b932c99c6d1a46d039045e39d7d6ca0c3b32,108
87c760447649d4c80aac16cc233ae31be56f3fbe286761842d612137c88b4f16,23
7d930dfa597c0170850ff8e85c53458e4b47cc74a03ce8088a82c73c270f5400,33
bc398d6c236c5c0277b924f0540c46c4ace5f5de1b119245964cffbf77674f80,86
c4a36434c99a9952e19c1ac57d1317dcf183b1165a71dc64c55b39460edd809f,5
c6fec780530da55d0ed8b29515df4c85fddd3f6e83235c96113c1851d2cedbf5,55
569fa55d134a3454b704918328ca2257400ff5d68298469665e5f30e0e071c89,74
0f6d23114b05d82c2b8d1d2384422bf75ae840d854b8ffb76d069cac281fa28d,41
1472c9a89ac77d7a821484911e678b007da85753ed35f48758a6052b12947243,75
8ecb9850f4a9785f2745f19f90d5babb31cb65fda860b269ea34d0abe57717dd,106
31d0b8a0e00935ad12bb8b1589ab7f1d49348c5c2630a72cbe50fdefba5832bb,61
0484b2f212b81d630c696d2a242d4362800e994c17472ec234b6226202a6231b,106
097c0dfff49aa60bcf9ad0ebdfa78767e4de38a820476d8f66724812d6180077,54
17eed5e512dca2f44a0f65deda3266fd2370975c003503a0596d182edc6c3269,88
cc426928e760e505ce64e329855a28d05c935ea039b99dc5e54f12f31d10b143,34
78749b461b4d419297ad82f1d1767f4f3f02662eb1ddd48a8ba56aa3244d53b4,106
68b5cbd216fa10f19e25c69e9cf92a728bde1d32bff88fe800c60d2ccab15651,74
5e3ee9bb0109ccc8a3cc7e14bb5afa7620d97b3ca284bfdf06f4aaaecf620bf6,10
75e898136f98a07340f39ddbbe4b76165d8f5508f09c2c3ee911489c67b8d206,11
0a73b640ca6c08d00828ca1ce6ac7c36d0e4dddda24783ab9a115f48446f3a63,26
c4285af8d6d15bd58cdf982135fb4b02db2977fe7351b77487e8e2a050bf2de7,86
9845077ca6bab5f8577830aa51ade2b199840d928dcc42f64dc82fc3a66ce9db,113
c6c1be23098b5ceff1a4acad6709b63adc3ac727b127556c0a24c03cbec2e369,94
ea58ea0ef4f2dfaba2668b9f551a55845a9d7872a9b6666c43d3c36b1b67159c,89
4a4459bf20631575c60de1dd6cdc758858dd1756a8f09acb71421569914fcd25,85
3b857efe079c8f7451395f41520c18b25659d58383ecc7062c1dd860fc24e6e1,71
08cf3fa930d33a932a2ff6824644d5029eff574b1d81731992283ddc88d30c23,34
0d1ae94a08eeda8e31cc45a5b48edcdcf87c2f925d0fba727b8c6abf2d17ada1,101
249d07f4f915216c08cb37f70ecd5a3e5afdccacfbc40c7ed84c5f30b27b3e36,95
a67c23b456c48f3e70336bdb9216f3f9e3724a1d7887b07a7f52e75bc0380505,8
81222eff076bcb59303f461053813001fa547d6da07f1280b5a62083ae4921da,27
1483e2e83060e48b2c1b1c627c8accea21ab32478aef9d87baebe05e20833fda,39
ca1c6c39229631f37f7e62630ec57ad93bf651dfbe392104ec673974bf90c6bc,28
3e4446611b8d8c05712750f28a5e92ec73ab9b9fa71f5270506f81661597d89b,87
2413622b5d31b7c4332c9e2001649c9d2cfc2b24ea4fb9a08b4f9f0f5950ac02,28
a034e790e1de201412e53bd326a1b1175ebbfb3aa5e42c20f30dae83917e0d5d,73
27469572924e49e050efa4f2f0d6144493410fdf05017d3e72a9d4573bdcf7c5,106
fa5ddcfc5701b478440ae87652bccefb19720e189e2e0f139b1e1074cc22f5fb,93
183279c614b1140a6766a76673752fd126ab4bf622da70545e629cfcdef10a75,15
0cc4db34a7d6ec309c322c3975fc19b97d058c6e90e65a4d7f28f8d4b456cbde,46
3c4b3034d78923cc863208e979bb6eaf275acd1faba9aee35320c845d4538a54,37
1e7cbe88b306376b8c99c56dce87772e3c938a07640b0d794289789043e0e7a3,98
89e31793b237e9aee19a31977e24aa998fb3e466641ee2b466b4545d4d55db66,92
f6343cd666c370cbd60528a3c3bf3ad64ba026fbb0e55eeb996f78933dafa1ad,117
b136aa4e1a860d72d665a7f090617ad1a03418bcafa02af7348caf3d9297662d,6
1203a513e312d77db4329b3b49228e27adbb717b3634b700f3a952f10a6cf02f,116
b7f9e99d5a33f55d16aca3d7e495100a456d869b6713591ea52b1966d860b00d,38
c37ca25a284d5727d68cde36dd453a47ccbfa3f090861a6ff0084ac684a83a97,44
46df2a8bef0daede6f03032875440a3ca9e8ba9c2c5acce5880afe2e9885141f,85
96c6b31c793e53f29096576ce02ecf8c71a893858e8ebc48044f36cd86f65944,29
9ed78a624758ed5bf084c76409912e772b7bd6cbb20417aa0904295d7561966d,77
3265b7572cfcd1afeec91cc27a65520f97508b02644f2aeef5d06ec37d1a58dd,66
cd4709ed1840e923cf0e70cee572f6103d2395be64ccf2860b7ccdc9cb067922,91
1ea2981e2a0cf0f54a2270d6dbb639ae002dfd91fdc6d2e01fe2c39d99271ad0,15
2d2124d29f104e842964f190ed783749d9cd382ebcdd30cc03f9b8fe4f537d85,114
33a407aac89c4643defc395f229fce9f2a79adca14c39184a6a58312c3921976,46
91ee46f22b1a07782bd91d53fec7696a39a3f5564bf60ba701c64cbf385a9a1b,29
a1c581c0edc22271e077475ac52f9710b800a03c6fee54d73b760393ab9b6bf5,75
8df22d268ba0aafdb0cab7797811091fc2311b1defdc2ee60b7924867ab458c0,51
f43f206d049369e3d48efdf209c6b789fcd24ca0b2676b92b6ac613e0c91608b,85
0d0fb2c1e54c86be1de3b72e0d73d8aa6d0d7aa0b43f3716ac4155f93f17f0f3,58
7cc5df3b8ace8d905a096462131a68a24336ed0249e4d7730597b46f80676004,114
f4532aa9282e394c5823ad3a18b93b6005a41e38676ec6a5bcaef782a66651eb,107
03dafdeffd73865d912c39dd86cf603fc5eb5dec14aab5f879fc5711d0fd89af,102
594b653c1b5b006fd0261970eb51c5ad92ca6458d7f5bdb81e500d73f3fc0b48,19
80e9137621434c5f3b478298e18cfbf60b327df9e406b920cb1a5a2ae60ab2c6,86
7113b6e8a3e7ac593a369b3d826a591b1188684df7ec2bbfbcd23abf8877e9fd,87
84c36f0e53cccf74fd75f0d64b84ee418f4484e0e500a7f1bd218518152486ca,48
85a3a99050545430fb3227d778bfed7aea6f4fcbc0a503cc898c9a1c6b396ce1,77
f88805f6d38943441a0d7488f5f1c21ec1a5b4087fe452f6585b658cf04d8a4f,27
d25752b5b07a19189be9b9cf47b790654670100689a989fa980fef1dddf350e7,117
482d88e7041bdd67b4edb6e7b36394d34a3e56905fd7f26259d23e8752401892,22
6c6433a5e9eb855532b1e57d4ff70decbd581aa69d81e14cf16efdaa25c5b61a,28
a0afd8151a343aec29bcc609e298d447d54b47e48acf14b87ad33743c85d9b00,120
9a08cc43708efbb3e0e7bdca5b01fb7eb3ef86198d5889db201659232a49e810,106
464f4b50056221a92788c706feb0c7210bfe2980afc387d1f5a5746756fd38e5,74
f5339b12b042b5ab6dd9f4d2e6dfaae73a11613deb179033ae88da76b7e8ddc4,101
58eb2151ac55cbe4a5d29ef810a067c19b187c104048623df46262a1ff3dd9f6,106
26fefc99bb9574363475d5e41dc9a3f88eb30a42ce0d5766c9b5439bd3f5ca2f,117
48705a1c221018a3400f6ada4f4edc9c567816954367b0671a9e2971c7f05117,17
79d46824b593daa42f92a2f6b3be452b1bd22bd0a0648e8ab568b9c1e766b2dc,32
e711deff21b78d4b3be1bc41cff487818b4253cf6c882a9b404f481702716ae2,12
0c25f276d7cfee8ed48b48babc91fa13835c638ea6745f4e7a4c6e54cd44b051,82
a16dd859b0e689a4727439196e7f74d55962ba06189773e09065e0ab11474829,100
7cf95515b7a3662db919262f974b183ea555e29dedf9e7f5e8f36c7b9613ec2e,99
f100ff608f7d266e5be23a41c0c71200b2598adeb48c30da27061d987afee891,32
7716fc0a5ed12b572e6da5682d86f55f68130f36132ab79901f9e3aecd1a32a0,81
bf5657beff4aec76b96686d8dbedc4d03331a69077b09262fb976fd2a92aca0d,13
40ca2dcea2462f906c6749f27f953e9ee1182298464669d01c9127ef054bd045,91
c8a0beeb63aa1880c6b5ed41f16759cfffa9421ff5c8556f4e24bc2ed838fce6,106
5826e7c4a33c7f3809fe683209188c173c75c0a818cae670fedf0ba01a69a401,114
cb4e977c2c7023d8bb2f9cfd1ae6bf9681fbf6f66ef7aeca9cd9b6bae97e8026,116
745d542fb0deb1051c7f4d7b6a67ddb00bc171a86de3b604c65deda3350fb9c9,92
c482360bb31059b6c08fd692a50ea308b71991d430ce519ce522ee238a8249da,79
018c38db15a2e4af51e5f17e01357ca4f84c37f41d83314cf28a1162b25c5831,78
f9b9c7d98756b18d7cf5642603d70d1ec165b9aeb70e8128cb1289e1fa7ec8fe,13
9ddbe528704d3b6ec3650bf58d6ac1106a888c8e6dc8f27bd8f8487625b36fac,111
2ab47b01e74c7a6943c2eaa3c472b887d6d273ac96e204a52be7f71fbd79af5a,93
30d08c31da0b6371de113f5b6ab2a96be20eee46f777b35c73ab0b2d09fc0e99,120
61baa482f4ba3d802f0253620b3b1e616f1f434f758a97595b07ec569225b6ce,93
11a608bd428a3de9b06f28ce3abb94e766a893c00a36e5bbd501f1d6c0616f12,22
f8188e589b036da5e9f4578e145f7291439e3a069cc681ffe917169b01a8316e,92
91bcdd7547239d119e1c6fb0e9e9e1af91a9f7735dfc8ccf21f4ddafbbce2a74,106
172ce6061eed9db2b478e53a37f8e1b9741d167f4f1b3ab960e2053700736bbf,92
3dc6d1ed5782c955c309160a8aa0da5ae0cf075a6b8ed5359ecd33afa5d6eb8e,29
a8ed9d7465a51d543a1b41b5b99a23e01f06f9b72e30acf97f158b413e69fb44,9
461111858c17a5757e89fa3ab29731d5793ed2c533ca07744d62c7018fb6dda1,111
4034b6f0ccdd5218edd463a3f22833024631ea92b009fe193cfc3dfd9510438f,116
2e9ac26c051fbce359cd38999dfd95bf2391330d5e8621dd8f1e348628d9a2f8,89
15d57c4c357369933b81e15ab1a8ac0f321dbbabcf4c18fa655ac759029bd007,23
495a8d1d9d53d7df8dbda76830035d60e2889f478ebd35ee61e1ddbdbfe13e1c,92
083ce9492791a59328b84ed2a9843a861db9a3e7ec27983557d408c1cd1d9ef6,120
67b10f3a4f7b28f3a2238079841c817d199935326597acabb1d8831eb6ac67ed,22
a88e047ff7819ac2b88aed08c077b648ac58f5344670f93494fe50a129f08493,31
6bba4b6ee6439a11f71dd9571bf6c02ce3fd71c97db8ab1de56e004587eb25ef,107
0451ce970e183af68a11f00087d180a1e86caae8cf3966b566135e34235735a7,82
43959f7a81bc9b2eb4e9f54e94a89cc5d14aafdb6fc67fca53771c9deabb4027,112
c21f873bc76b03b6e51b4944f6cce7b143379b79d0f7af23b88ddee73928d602,23
fb10f7d594b9161a28d42813d829207e617ea563353e7fe26d13a59f46218a7a,110
2c5201c6eb28f9a23202a0633bfe434e7112058fecd12fdafd9f94ddcc756e84,23
cdf2500e395001d6eaa1012694f9da1ce8b96416ea50a40e9efe8adf3ae3a82e,116
3b0dd30d188c6fe4d5ef5630b253799b90e4c5c1a4451aae5f00f870f6e4913a,94
ad159e99baef04396dac7b8497936769609db5997dd0d0bb4fb510bf0d178a22,80
b120cd11fb163653bfba1c8f48e266f072ce701fe6f7a5985ea3556162c70628,71
2a5a8b0189e93e9337c45f420bb175b982b750e064be9679ec22f7ef5648d053,31
af1e8d4ec748c381c827dda25c25a2fc7093156ce943f80892eff0d737c8c5bc,90
5e412748b255999f6da924a18e31e03a742be78403eed7534b46ffb01c2e6c18,88
12e8c8b91b56929342efbd35a7cac61fccc18107fceb8be5ad68fa07bba46c86,4
6000d650a8164cb979f9c4ba597a1f9e72f3d1a928384d4e94a8917ff76b1332,98
408753c48116c077cfdc29fdc706522cff6e821528f5b1a10107b1e9cec4134f,39
f765d60e9d3b98affc412b6f5b8998bccad5a422d8125f389550d296ec38550d,9
5c9133fb630b1325dfa48e07e044d0cd565c6ffc248286de2b3cbfa1835baf30,119
8c0a05b9988e248eee74e4c225f6ef0a879a854fdd5283e82c044fa12e6ffbcc,11
9d1591216aa63f089782694212639ff648ab1fbf25e935e380ef2e7fba996316,85
2a0c8af03099540ffd5505117176ff927858c8d5d6a4459b71a38a15e6c21ed4,52
c4fcfe4d4453b16466083a35193fc4983ac526f817d99269fb2fb00a5a8924d9,75
590ca69ee2907220121f800b7dee9943e695497f71780ff220ba32f23d3ef4a5,83
50acaf468d9e014ff1c609b4dbdc7e6686639191a3c5cdd57c4ea7075626bc2d,9
c872cffa4daffc14eb50ae4771ee19034d768ad6ebffd7ff419684c334783766,103
f9b8d7b8d4215a363285f061c17c2139e3fcc86a92f26c4fa5d448031d9646fb,108
3a3710c3e54be636f850bacf359f86d7bdcb1f6cea70af942dbbe25c05a09a99,4
145ee00fb5525791a8cfa62d0d6795ad4904a2447126d9989e60a9a72aeafad8,91
29ee39363ce633d130b9de84cfafa0cec99aede75160fbffdad45880bcb87118,108
d7627cf3a04e1b33872bad1d7e19ae66e23f0c01674e2f171af8aec4de863b81,81
93b185f6efcd80c3c6cae2503f6d2ac137b041de13439675b5e80aebc13adb2f,16
d0589efbd3e918a23273dabb4ddd4be7f6944eccbd51130970d25a8bb78ab5e8,17
13f00f7aeeaa85c8a10d1416a1b051103f554159305b6d7776e4d7b9db549dbd,20
34f93a145ba34922c33e6a3691f53c14a0107ddaa2fbc861b9424c3216a7f24a,114
788968722edc7c786589b6696199820e73298be081e5224f4c07436341996f58,118
4bae4f7fc02b2ab5d429f221d89d169ac18987f8eed08712009da80915d343f0,63
338c74a5e28f82d48c9bc8dbb7ec2ade8339097419911ee7e59ca6305dfbc2ac,88
5dd91a071677d1ecbb7f2b0cc05d1e482e62cee8430adc069a4dfe8b84c7d042,120
e4b8195902a1853d215ac612f77c6118a828fbaa6fd45aef140cb14a9e93dc90,84
e20b67d4313cb5f2080697ec9b02e0f5b7d1fadd5cf88a70cc03109c5abc83d0,93
e8866bd56611337b23bfbfb0ce024ec6f01c9c3854b4e6a56bb207ed1a906104,111
7ef0cd5bb03ba993f40071a1fa7f41009fcf86ba285c931f74a9e77c8504e225,95
8908bbbd99aea8c7dea651b32064b14582db022a2728299e711b9254477518e1,102
b80cb7689edbe8885ed1cbaf12d7e78dedf09993050e20dfdf4dbc1d9b064c38,60
fa8185f6b773db58b9145778bb988c82183a6a3458bffae67cf7c06341c1f731,85
b440b8e66c13be8900f7943359adf3be46cbd038d7fddee52ad7c40ba028bb40,99
c13461e27d08e5d828ffd8f34c4c3850ffac503ebc7de3a7a81037781d498373,58
a574c8329bf6afbbfafa198e945cf8d18472a75ab513c69da1422f253866cc4d,102
7efc70a420db1f81cdd800b4ad8cd461d4db9365051f95e986aba0a7f02678de,10
5b27c4bcd58cdd4d3d937c3a215ddca92d1c58e37b00b01f724f8ae6635d43ef,91
d1fe1183d39ef0a2126808181f4aeab2cd4f0da6a58d66dcec6b1ac73965abe7,9
81573b70611fb851a05059ef12cebf1e455aaddc2f5ad2bd8bb5d8925c24f725,46
22937fd58c83151bd7056b126b8eae99f6fac3a458abc9fc73b5dc8ae770fcde,87
c54ccd51a55b7e371a9601f6deabbba3d8ab77ad8120abe65e11d33f8d015866,75
09aec82d0ee784a7e96abc62d36c5c48f0f3701bc4f52dbc58f23ac6d14348a2,85
9e575ea9fa14bea13ad2e1b6a7874b02783d7d009c55aeb761d8e6a68f749ec8,59
843dd9c732825bb88697dbd351157a542c20e30d155751d4fc8526d14cef968b,66
2d893d3137cd2ed1f60421f7fe0c6ec995c7aaae705eda135f45277d30751cf5,23
cbded63c6da6daf8aaa2436480907ab1a601d1be8d76029d928e7cd132eb4689,89
bc4f18e5243deda9851d5c952cbcd6235e2acca8d9cb40e78c18659e41471742,113
51af949a49c4da36d767bbb4561497b3d268b3cafb40689c301b3ab80861946c,120
7e05bd4fc1bca37b83ec296d3bf62f0582d0bdfc924ba54e1c2e9a0162fde31d,66
d3fa32be814aa6602bb0f860fcf4e118c359e89ebcd8f3aa1b8b00f65c3bad07,86
f843e68db3a55a7ef5515d543e6ed4a858f90639855f52ec28e25024c8b3d63b,29
fc85f286d32f07fac609cf9f52caff30e12a8c3f97cd5317cc031074aa7e567f,67
f6c14be082cd285413ccf40a7d191be2fe8a767f8137547544241a7e710416a4,121
d363ca04e96f4ae236ba3040562bac8e62d86d47759258a3486298d11134a386,33
a425fdee7f0160fd89234ebc8a6f739be5904bb78b41dc9a4505dab51c80be42,86
068698a5089e9c60381297219df53d80ba7a033f5fddeb694a7bed187feb3e63,22
83a61f0f329ddb59241578fc791feb39d4e53338c562e1b38fc176acfb29ebc0,37
354c86e7cb89bc278d86e74bdebceaef4e395cfba889593b9c1d9c20ec03dad9,82
a85e12602edd1214116295e7e0d041da86050eeed1f9f9acaca6879173c7c129,120
f5003a3667a54a99f08eb556f6adce34d05b068661a32aa312afe2f74e28e90a,120
0d66e940263e4247c6858f4133e2d8c5c52dfe8537648984b23027241837d96d,67
8b28cb2c30e78165bf13c5ac5d91c8dbc20c11a1e377126807035b723224a5f1,48
da76702595438b6565d64a8ebcb3f2e94970842d086091ad44078e0c3b76d8b3,57
0b22410dc4d50f7bb56b7fba23938ee2a67449664702d8f94c24666983205a28,73
836aa5b0843482a2619aaf712dd08b9c4fd5a8a3e2cc2ab3e8d9df184cc403dd,112
2f3f5e1497349459c58455636a5ce0bdb4ef2b1f592881403f908dd69917eb89,94
e816a778a5ffc13817b57c151bd72c17e819d94e1f2a93defe6a20fffe5190ea,65
d4d5309497ec686e63e5bab5d773e5993ee847fd3c584bad325c6c05ece04496,85
67b88fa53847d5a1e1111cee6e454f0277a56439e4720f7e2f7832a71ef624bf,108
bd062edda86fd8b93e7584d0c4c242ea32facb9b4126d72e4d55593fd976db9a,84
be001d7ff0e6196b02d3a0a5aeb9c693a1425c548d05916e096fba05d58dde94,38
45633e19dd97e6cfed7111f988a9276003931165b71823ad3fe4e49e2360491e,75
2fa9afbd71d2653b0aaaf50b1ecc088d38c579aec1f1712fb114cc6a94d9dcec,109
6cfe73aa0f7e02fd554631b651e003bdf347a454974dfb9034c7d6a166d3f270,92
041b2de0dc90019c2979a358617bffe6c1973ee9379c418e3efe6c60d60ac379,85
5fab9bc78015401f7cff8827778a8f4b1922cecfdf3bcf9349e5dce990879679,83
d9876a1f09493b938caf332bafb194ca0cd1f0209cfa575dc03c673a952115c8,16
06db74768ac78833bcf3c09045b6135565dd5f576edc0bfaf32766a73576bbb4,11
38741f90c2ab261c318357e65be6c192f30addace36a9ba35b6f46330cf8dd2f,31
debd5d612f3755498c45896fcd04d953ecff2635ee34be43861871009e3360ef,115
49c82eeb650b81ffb261c30e85e0f9c0091e078f9971b79e73c2b813edb6a6b0,8
5ead2cf99ae494c90ec512bd321cebee2270d466f3dca1b632fcc68505d4e174,66
7d272d8f787b7cd95f6fb5f056131668e878ed8c82411078bb927287a2ef6ea0,54
89088091000443a416d5bd14c23f4bbf6c1fe68ab1d6168cef0245225329763e,11
7edceaac4f6fd76acd8b74c35e2670f95e8287a28602d87cc6094e14e360f71e,61
23a36f3719342827dd70cd6f54ed2a15d392fe4df4b879e2ff5d5ccd05b8a0ff,71
82d67a988598cf526fa828b494eeef6755008e1c9ffe18e31ba1258ea0d4ea1e,15
5fb4873f165a4aa670fcabb7acaf66a1385a0ebf4f78acb2e1f52ed578244d34,21
e964855884854aa4be8550c8cbbcf6a7bb854708ce0eabc3f317a2517d3ef243,75
08f3462c50fd49007913d30c640ac50415a76ea568a3166ea1c25006ef3804b4,109
baf4addad818151f1992ece3a740639289fde701cf21a4682026ab6b3a24ea61,118
f3e219c11466842c264cc88ae00a237ce2d89f3f64e2d07a26722fe29396319e,78
4eaa5090d6e7b6f4e65f20dc60042f91ab6df483c78b44b1894321d742440b42,78
b02d71211b1b5567d20b26f1a5276d7c0b7d7032f4c2924f70182f210cbf4d98,71
d90b3f45063f95018dc55bd0ee6d605021f5179296a266171dbf5711d447fb16,24
53b0739f3836ed47f85d54d4982139d3753c754d3f67bea77bde1e9e6e0c54fa,105
4ecaf2cf4d5d608e210b223bafcafc7ce19f08a6ae9262475245720329a053b9,19
16093309b2aa6368f91cf1bcd8bce373f676dff5c322da45c0402565bcdbec81,114
fe86b5659b50a063bbc60ced03ea55fee89538bdb4c7df9881e3880a7fe4c376,117
092cc39dd11f929c80505b5d2948feeaf61f721d67a2d212032bc59c26f20023,116
256ca8108e82e4e8dd97af6e317ed74980f2a60545501aceba171fda81b40795,57
b62e0c23a621ee1c4261419544ff2ef10c7f8a41d891df410053d198e4317982,113
9c171a256ccdcfc8be3afb12c7dbcb56bacbed53c115b4617d138c0a767e28df,81
76eb1dde62eae321671d7f45a6d358ccca4918ec8a049771aa124708454da039,54
99801ecd493c657ec795bb680ce468304c233d9ccf037f1ade0aeea1f1671bba,15
05571b8f2f4c0df771c797eb1c72be31f8b329076b2578507b6bc0537d3fca48,3
75f2b6375159b55ed24cc4e34aa0c4b3932dcb445118afec572aef66ecac005e,79
60e7c137dff3edde690e1176bb5b9c8e21074eafd5c90ae03a6374b5fa26ce4c,82
c407fb7750a4014a0a47153ec8571e7df750385f5eb5db84253c334b0ac04497,47
d0d3ca235508637a2f5514e3ca3a8a1e0a54f9a5407a7b88e862525fd9e08b49,93
5cf87c4a31269f73533cdec4741f2cefc5a3fda6c18a694d49f7ac01824913ff,65
ebbcdea6373f58333f6953b4e484ba661adf07f0f3b0b353360f776446b680f4,15
0a848201c824ce49536c679fc062ed04035de229afee026ef236ed46fe18b540,71
385868582abd1c28ef85e81d9b556672452df0265a901075155f0d686e7eef22,102
ef0c9cebd706494d12f913d8859ce2b8cda292000f163cbae332e45d154876b5,27
59a6c1f084c6a9fde2092e03f3157e3ec5a3d31ca4b2fdf6f92303809241d0ce,113
fd11b197566a1302f4b13bff27cbf151b8d562a77f3315934ba6e7ecb07aad15,72
3c2a93f8c894488e6b18dd22c9a7e9309961ff2c4b19772e4dd81bef01d4dd48,12
85a4bd41a427ee54845ff78374009963d791bfa4ad3c88252a03998ec7d634b5,110
01eb63ebd7979180f096776cadb5a14398c4a038e7d70f9ddc1b84c7ee6ee00c,83
001fb9eac39927f82eb048b62a80f9a14743441b05c836de39449a6e1d712931,38
cec7706eac530d4e91d8af253f2dd1c946c85b8576cacbc32da89611536b962b,99
9b6954c03fb11e75db72c1c76a48ef13fb2702690bfe730f27ee4356351007df,106
e356802f01e4c87e58406444b4beb0f496f39018c4b84e195892c92c1da0a518,39
545809c38fe9d41911f8ca6bef6b09c92b099868694b0a5c4afa5dd52e1d7eea,85
68f79bbd63fcefeda5fbcf469ab1eae91a55fcd5ad6ad528f728b8d823030c8a,9
fa524414d04988db55c5a37b19ce4c3387a1e3b90da382a2a4a3bf834bd76058,27
644c13eab15327d922553015122695c0e0b23b1ddce2f97ac6a1b82fec28c209,30
7c3633a219447e8a98bda71f0b84302aaf00972d42cff2cb98a8a7783f5be129,25
4a1655f767458ee8b4954611e6b790d97f2fb203de8d834a1dad4fc63d016aec,83
1884fbaddc3432482336f153903ef15df20ae0c0e840e7420ba06a170728d455,109
762492f9501d32b495086ee115bbfb1d866cc1d93e6ff6c1d3418fc91251dfab,4
65fd1ec9cb3f53d238697e745c1fdd7acc9ffc52798c579adba561c8ea68af29,63
307d9ca62f2dc384c14c8c54db1042e5a32ead4c232573fc4dac446488ded21a,60
4cd48db5822294a73bdaa400748568cfe8fbe39a7f3935f60406d69161f69c78,95
ee2b7af074659da210982e1062b448e9b235a172d39226de5a18be69de9d1d01,88
43708312905cc13681b3eccf8c1b13f59abbac1b81e9bf30e205429dd728081a,88
87138d781860c34f3ba4b740575ab77c6d982f158fb4a47508cf286bdbcbdee1,51
3449c0c8ab5c6645babcc9a2ef95e8297f369219b97f2cef425af4a0d9a054ba,54
0d4bd83c66ef37072fa350c8c207523a988d8b2cbd4c4c5b42c7f82a7faab7e8,102
f1e67ed9978432ff532379686906016017123c551303e3c6cd28f985e244bf08,96
5dcc88f9b153b5fe2b227153baeae050c6643ded6bd2bcd6db973bbf855422d9,82
5631eac05d218be689c543c90557647004a4c998074850178dd77860021285b5,116
a3bdc9283a2a8d8c97329d06e3d0ef16c246e437b0d5a0327e2d9531c3480d29,11
ce435d00916f879cba74d93392d411e4a37cb4afea01c65d676b284eb246908b,32
711bf3e1491cfbf1ad57315d2779547897ff3c0671f6156a2c4a01145be5127e,120
de6b93a02930c8ff84fcad0708c1bba39cc631f1e639941ef2d3a6751b66f00d,19
1e34be757a83711c7215ad0f0a612acf7de36d430b17f18d44ca72023c8d0a99,65
6d7f6d9e37d8272b353bed7350700bafdaff8e2ebba721d81d4ad0ec03a56cf3,103
11d07db6153fe58f9f76c4cf85a7a3d06a282cb29c13c2e77e81dcb4bafec402,108
e7d5715fca4cb7bda4545d07e32be3f5486b570c1aa14d94c2decbd8e4f7ab54,72
4367604be57d4d673821395cd8ff0e85ca2e9e3f259cd9938a02e10fef412757,107
77a16a47209b6f55a165bf5d1d14c51fc50c708d78786a6b4cb6a7ac87677064,64
79795a2b204ead90c48f9405536306d9dbe39a91364c5e52f9fe0b70aaf3de16,12
797b39fade473aef0b052c3c60eab5546dee65f2713f85bf5004e9b61c30b512,74
607229c171cc2ab612963b79add20c8e3987c55c94a66f7ec5f4ea419040b098,53
8c94e43c8dc9a64a985a50e53fb0e21e84f4d5f574eb2ed046d280b911272159,68
bf4fc927e857e29e4efd1c066f5a24548bbaae303a287fd55a12e8c9861d4cc9,119
502d4fad40e984be7559f985e1bbe3e2ba7aa361df23afd25937cf627fb68bcf,110
0ae84dd5d1e392a1b2bff0dc483128aeaa49898c2bb27578376f42fd9c2b862a,12
faed59f871d422bb39e25625e0169286c4695f0b8e1a9d78705dba0b3afe03b3,94
402f1ba7cfd2a4e8fd2348b4c5544167960081a62b64dca99c9780afe2e1cbb4,83
e97a6f47f5b800da212466f0548ca0623fa8bdedf414682550b34dafb3ea9346,102
6dcb6513076d33a70cccfd484f195be12ae6bc4b0d4c89c2cfdf4bcc83ff31eb,120
3081b98d6bee3399f9c56a613069a9da38d44d38776023567590a0fd2ef32658,106
af391b94a8c5f586a48ed70dff3c504677e6ca4960f3309e8a69da193f1cd750,88
695f1d0fdfc3eec86824c6e173992ffdc471abb3fc8b7b39aa81961672a889ad,3
6c42a54a2fc394f38c982930a155cb3c9218fffab12fe4c47f6101f29533d743,115
d2b8401fbf8adf301c97e5b8b4f046e493f598cb3d56e7620e7f314a8834d77b,15
bec3fcc0ff8e45210882537730e0101bd8d0bc58fbd01ec2516bd0d8193bb7d3,94
d4ab66d18c9b46e33023c329ba2b1767ae2917ea5e42128249b78882b18306d1,78
770532548fd9b8f709b02c27ec960cbdc6bc18cfcd6ec5fc2368da05e74f2fdd,115
b93c3ab8bcf54c59dda4241e85764a835fd61237ed03c54f09a23b8da986e1d9,108
2bd7a2f76d753190776b20180cac2d8bc483d14268fe75abe5bd45da86bd3c54,119
a3c64b2b7c2cb0ed38af9f16b2660c00d9e4982e3cade5c2fb7722a8ef04c688,109
843667545e4b0a7ff7ea4d71a009d00d1f013efbde35b835185d528d62d350ae,87
5fe43bea898e1aef99761fe93edf478254c8538eb857f71c6e20ce39f414b211,98
bc2b0e12fb0a1412c58b8d58ad92f2851c876f638c8143258c58cdee0f746628,51
74d009f090757dccfae676a0e1c276d6d98c113dc297a17e17d3ef4d83a0f976,64
90889d3ecc192fce601d4a8db89fa9cfa2fe5d869fe2947bac17a710d194a2c9,107
9b601d94addc43b8107fe34e772fad4852c1a3bbce4887d86789d84bfa00a114,62
95f991c3f9573051e2838c4ebcea7df4a1da25abbed03e4e24fc588d24101684,117
3956a23b2b7c72a06b30d8ee8530828d2c43919e8a0d3e028902042c7fe38a50,121
15a4641356079474e7b1da1a94408cd237f1fd59800c3f096e7fbe97fe426dd9,28
c663ec24cfae59eefa958ba69a0db4e56bc200804f4dc79d53eb4e6cf9c1a429,106
1d08b081f8e4ea3ee0f59d2ac12f98d5b3da313c29dc490712c91811d03117c4,81
88bfdba7b6b80979634c41d5922426ccec587b3a46570bb70a78730689d0d032,64
ba516a2a12aed04e1d5db003903f432979f40496138f5ac3a338351a44784804,46
026d68d0190b409056c2da64d70f5d6ffe35ad34d1a9fde1fd5b8d1945771240,1
8e7444fc6b662fdbc8fbaa533d51d681afbc616aeed109609c6cd39eb957abcd,114
797fa9faf382f7248dd6af32dcf39d51f41a98dbf2aaed1e1c80395eb8d568a1,109
3af8e8b24e67dfe248849f12f025ba57598464504f8683b7a371ba80dc9bc702,62
9412f2338f08c431e66f3a9acc679681dcc6066b10408b1415f51477447cdb2e,101
314297f83437acb38645659323a8b46eb8c2244014949ca363327745c98857be,24
0f436bf673ef767420b6e0dc914881278909a4d6bc3f520efd2487356065e222,37
635e1c8079f777c49a1c429b017de938d26dcd6a87f171e31e3d66fe19533fef,9
744d361e6667017c98320dcd6c42d70f791ff2d1d14831ba093a7faa4e21f6c0,4
7125c59fbe1069f7f8c9ff653b4681f762c52873cec5473ca0cfb54162289023,121
0fb767225b5c1bf076aa2128fd9757dec825ab324c5b8d217e435f4c9c8e1aea,2
9ed6a497a48c883386b4ff6b4389518c772f413d9b306991ffa03c9d6a9d2d47,75
92cf81e90486917c34b225a4947d9e62dda48e7e3cf9cd4e5ed5c9c1a85f932a,89
00f5b33a285e9e4b19225ce9d853819ead3afb2294ccb53dc42da730abdacf8b,121
a1eb09567740ff3707a823920caef2e037b332215351e1d5e42ff6acfd144730,120
d4681448752ef972fc128ec888f459d46121f768bbc6b0d235050879402a962b,62
811b60b7d8e395b72caef164ebd2577ee77ad75bdbb7810fbe1ed668f64bcabf,54
b69d18f63bf5e2d9c2a704ab3a80894b236ec7fc5d4f3ba6f0904e6ccdab65b4,17
02d031b4c7182b98e176ae9ca6505c08468e800f74b581885f2fa4b177179079,91
d7b9f4419bdf0b6d138be4dd25061c336ab6596ea832868ca96624e8ea43b28d,53
c6345189c6b5357928770e6f444c79ce6bf15535b9becc874e05d8c3faa0c676,82
f8dc6f0676d68b86073b1c79747a8e39c3147ad1078df167f66eadd46a8d0f5e,58
153535848e06f4980c542c35390c910af82dcc9b4345674490a3a0506b7eb9fc,29
9a4b02db1965cec1eaf326783ef2058057a5a3243f262c6f4ad95f0702b35d89,3
87da56d33b3675a69174cf6d88d6e7e6a2833bc5a78e3cb93677dceae843c826,73
359071387bb27609560f26c944830fdb42e5fe29ada00484464aa5f8e2e20f58,92
6eaa8f657bb0af10bc2f7c764c58af80b6e1ea439dbd2d8543db3caef9ece292,38
c82986d731cf2694d5051a823ceb3026f8b934407398f96cd4768778428f8ac7,87
8a986c8022f566c60780c428a9bcd1adc13c1ba8b0320bbe032541ab380f218b,103
9ca82915291ee00ed3dce3a47e9f8f3e487b650aaa2371f011a0ba69958dd204,109
5d57227b6902b8e8531c64073d6d6bd435f6f5db24d2affc6dc90c940fb88ca5,75
93524f03b50519dc7307889fbec46069d51a50d6438b4396fc5a61814c0f49b8,66
d25eea4f684c7e7b9417a2559e151c8a698b5b92f9463f6aad61b6b257c6e57c,6
6b17899e13ce48b4a7c85b3473aea40fd1b09097e480868ae6315620219ffcae,14
ca10fe1ced07e7a9390d683aec6a7101cb0b55a23810f968da3bfd30307cd879,93
3343487e1948409d5562715e5e3a262b5cc98f053b3597949b4c46bd37ee1349,113
be4a823c82475968d7044b3774a0f40b0b4ca86129d3a2be4045eb90c4196781,72
9f0eef46eef1615a8a6d259bf5f89f71dece8704d692d8b888b7faaeb3405357,8
9812af839e6752d0c02f8e86b6f49e04e5a7ad30cd0473f65f2239cfc653b5ce,57
06cea77c9bfb5afb0fd5d99f5a7d5f3d9bb77ea7a347478f5a819ea77751fd78,117
4805fdaf001435eec50853ff40b2ccd55a18bbb83f849196c5145e9c9d123d33,35
fd22e9aac1cbc68dab9ce71fd7a8d68306e5ab5283bbb258aa9b114f9d63309a,16
366bd4a6b4e1dec8f2df91e805b095c9fd29f6610ab76687f9dc73e402da1c51,57
2f44cda940c659a65862f88d7d5f8ebd50327324fea43f061e6e0942982eaf2b,27
d5f69cfcde71bf4da7171cc87f5288e32162bfb99ceaa2469131a24642f5d195,27
874ee672d934255e5b28e7b5b2cde41cd18fce816a024f7f61276889c67a4010,13
d291ac61570e255e3cd8d736f6903113801d82fbfb0989a8f076f72e3e827aa3,119
43f0c9898e9b927a5a5eb06fc15568285cffcf622c749ddaf6085f9581a2d142,15
91a789c30af1e214ef2bc7c8607c05b69c9d366e938224a5adb846f14f07d58d,10
ebc3fde0f147ba02ec8862fb52525409b984d25fd4c843fa3e1f61b9d72c7c8a,26
dd4df5167753ce71be623a0bd16ac441f445f9a4fe16e72e12cb768abdc47ef9,58
3b468aeb29adcc30972278ec5a27367b0d0216a4a347b3972e66b2252df42439,15
54943da0966c59e2ed7df003ccfdd22741814e4d7cc15e3039b8ba77241cf3a9,116
5ae01b088a168add0351ff1f379534d4bd0d264abfd03eeff805682ba1efcddf,108
29db6cfb985e72ae104a82d39125fb895e7a57608eb92b9c2bae7ad419738aea,60
b46034c61a700a4df738e203b43925208ba91a7a223846bdca8c763758906045,50
36c07e7ef0e170d685e926d43f56f3c363ed329b9c91159b2fcce32b096dd085,19
350dab639b13ec1c837f752c4e8df39ec3a8c004197adde6ae464033fecda58d,93
f5c955df5dde5872e907b111123c60521f8e3f96d0b11ed79c5f526d00772ebb,65
b46ae82bf50ae1a0843ba4d72d5349beee051b4e1c8d2610a640ba8051ea8b4e,85
aac8cf891333527f4ecfbe734ef327fd2f04ecdbf9370f87ab99ae10bf15ce3e,79
47b76dfddc58670af9698e2815666bb11b458ec72394263f3696d04780805c01,115
dbd9b4611b1239d86b5bbd803986d82866d41700169ba01a14f6201b6c2c2cd9,61
12f65056d80e0049a942965f869e255f62571aedb582070482ffa1d7394483ab,24
aec430fa8bb80472b0dee0e985e2f1778ed3967aa3df304a10232e89cc7bbd2e,34
f905beb133eab47129243879509899871074e4d0cb507f550a31ad439f0c50e9,74
126dc3660c1f5663d474cc7eff62dfc8f743c2cb952beb042baf04b8040f3000,84
64a6ae60b92e9a1aee5fc5ad302ff4d14cbdaf0edb9e16117416a670a03cf3df,36
c77453c83e80463c73cc0881d8f9b9071394de688d524f6b33299c03559a5c37,112
615c092cffb693b38e23db0e7ae45b66962ed8f67bacf654d2b8e5f8ccc41834,9
86eec8973d3d477423762247ebb01bd2f796354a2389a96bcb547f99165a4ed0,54
9edfeb75b4b1ff5c738aade50787eb3999befb42401e0decddddb072c89c20e4,81
c6e4a0b956e06a334688ef18c6d8c84d8778cef8b2f408cf77be68cb32ca1402,74
0c56c0ff6b19baa141cfc9d70329df152f0a907039450b10d9f95509d8999160,107
41c6ed2e65529625675e1021b3a28a23e2a8bbec2c89f41c7888acf9c02e0e98,120
95c9f02dfcaf0ea5462f98b53088d9e17ae395bb8bc256df479be7551b7acad0,88
bb78912af134998d78df15383e523efcdf602c3ad6c4034ba29c5589c6ac8122,42
4c7649b9969c1eeed05c145fb26bd79edcd6c5643ae7156e0e726005e47338b3,14
b10e76caaac589300ee0317fe7b8a6ab02e72fc8e8f03e2733dd06e25d0bb836,73
22ae744929237dfe3a49d2bb383106ebfbe8ccdf816e996e4daff6998d210507,81
c325901e854c29b2cc0c37f3e21abe5729f6fe960a069f7d87c24f5342266d20,56
94e8d4cf8b946aeb27de3797ce23eee1ddab8491a67aeccaf76fbe7b3f6ed69d,48
275eac212bbfb5ac00f3b60809c712c07ee4cea5b59e8b8fb1a4f1ab187a8e25,92
b43457ee5c20345e5757d88cfa31d70c4eeaaa12e25959399f3a51d3f9592989,94
853f5b361746ce60ce24c81f278a5a54f2480bef039a2235ff0b864f8db04f4b,21
afb18762bcd19098febee047030e6d02da39442882c6db62a99546f5ce65e714,86
65c4cb535113dfdfbecea065e6fa3c4ec173530943b6b44935f618cc1f3918f0,39
a9f3f0fa2a95f0b0ebde4c2c2a5c1f877610bea9a759999963bc29afeabe699e,17
22f44a65ecab61a2c965177fcd62cb2b423f515237dc97940539f9b37c3ba9a2,52
90eda627736b3512493a6b85be6bd6dc8c5819ab256d0eba95e79e48f6de8709,12
b09c390b9879d2feda30420977cd826cb34f87dface01575bad981166aaa754d,19
f24f7366cc731c994f40551316485ad1075f3820b05f8c6c3962f836e1af3f52,63
36a54710f6f6208e7ffd625423d50df3663732135f26d2952529637e35375878,62
36fc2d3d38cc810401d5b38b745d03839ffdfdb6468da8010f28251f70f5f41d,37
97bf10c41b2322c529723f18d87f80c9716e40808a98270a28a8570b519bb5ab,104
dee54c6f2e06cea5ff80db4339bde5a8bce155e4ff8ec74b3d24efe9841a1cba,64
152ba0778ce791ba434ef464dbc063585462231bdc140bceeefcd3ff18406597,113
e5d62fa0d65a0ef99d192fc012093c34751a85e5dc5d1c7d7159b5984d2df22e,90
fee56a73830e62ccc91f86974aa93871b468d86ba60eb49c9b9af4037fbb235a,89
6757f3d5da48d7f4d9eba086f3a6a7fb2462ff0057e89ab352240a6dbda5043b,68
5b8e5f7069718aa6228e045306d68b194a3e248a35c6c364402ef5509fe42241,33
f9ae08b23cd655099e089afbb8846d0b4c52ee341d31282df9c7246d3704d63b,109
4f885320f3b659c17e480c484d36bc87cbe4f281ad050efd1811edeffd3e207d,87
ef6434eaabe0d648243d1fa8752b653ad4abc4edf9dbdac00843bf10d37a7047,102
4862209bfd0ecac4e8bb676e6a0d80e92b8ca77214b6dc82e7103e30672d0bbe,108
69545b7266fce94373d7079651e3d2cd930f11f5607ef49be8119dddabd9e4c9,81
c427de999d7404f995c6db8c5e18717a1cf4c5d9a04cb4c1f49747d39b9b2a11,115
016dea291ff5e245739e6bde1257d7e30c67756800502022ba79a0424d2ad992,18
bdd3f94dcfbc39e59543a04133e6880a1376b09e518464194707e0e9a064e414,100
b90a5a342694a87e47e82f4a80532b1052a1e109879aa594ae8315b2c0428bf2,68
db1fb7c151238b5e93272c2876a356923fcd0b04759ea5c51fc1f66388c7b384,19
dadbfcc2da3fbdd4af48c90b94aababf02cef4ba1f6e99d96d5363fb3be02cae,101
996ae83de3f6b5e3159ea1aae8af41ba5b3fd2e4d563e6b61312200e77d8973d,102
bc69ac3db3eba213ff4f079ee5ce745f34d3671c8562d6b185c0eca336af1743,110
8ddadb03a30aca1d7dba1fffae545dc1d9b8f63cd80512b16824b5772bdd9ea3,33
0fb7e676f18eda803720afadc020c10429302bc0b2f74822eb86621ab0a5a7cf,91
c279a63e9730c6293c6ffecabf3e7b91a23e5e4f6aeb8b28ebc9cf48257050ae,97
ba0eb83856425f4429cac70a81f0ea86b0a94f575614469724ad1c842d954fd0,114
42600d2069623e531e0a019ca86f731c453dbe9eb8274f27dcc86efc148f5b75,107
11eb5f6840a604417e6515a129fec12133219513a6eee00b01e6fbf4df5d3094,99
42625be8fa1c4907531db9706f5393a2dcb0fb3049136a508d8e79ebc724f554,34
387a25a20f8c8843839566507aa30ded516fc50c8b0634870d64bdec81066618,120
c9534824c1f7e2d6f037c691c2f06a0c9131e6bdd64de70865a4a287308d0dee,94
bd96eec214f23c3d68ffee7a58c94ea48d99b0e6fdbf472d5fddf05df5d1acd1,116
8ef958240f29b7c2187e8e68bf5e2604f04b700cfe2c28b03687c8bed156e6fd,109
f8ef74cb06cdf06ed90737e9585d7aa096d2200e8b6d857b8ac5da83378771a8,29
36b99a1081e1488636ef816dbf1a66f17ec215e1583fd38bd33b6f422a17a28e,61
7147ddd11a409247f4b7c6b55ede6b04169afe78d120063cc5cabd4b79a74ff3,37
7458842bcf2df669317e0db11d0415a83f3789c2e77866cd3d56f63c10846d43,92
92a4d28ad2c5e5df19466daa88fb9dcb2de243c5c14e6d97e828e0eaa47dda22,80
4e2f1f2f47b78b91fb8416b93e7b93b5af6578b5a63a44d775fb654f6444602d,34
7fe4e392bfaf275232500bf7c8a4619f05b78cb66a100f5d694ad1257dd0d33d,104
90096bca8d158dcf63c37b644baad8f5dd2f0eff4456b3e59c29414b9bc88261,11
3c2f6183900c511793b1d2514c6f8058f2cc20fe7031ffaf66f3d5f20b7385f4,70
251a765ad29341cc718e1efb041789308690ac97b63970d27db2c4f9617d39c7,87
56a5d7cddc9ff99de58d5a36ebac3e2ed759986b9701a54772a5a1d3a3cf4d91,35
6f335af6a9e1f351f5575c8bba942cbecd3aec046e62bd11ae776a17f89997e6,52
eb9157142829b402c94733419c1c290d1bf790493f49aaccbe329c74e39a555f,77
994e41682bd0a09332b82820f9f6f74a2f4a97aeaf06ab98a3c16e86619386c8,102
3ef0a469c2ac9e89a84c6f006e267fabfdb8aa9fca23c7b0459441576df3f9e5,23
7f8632e8f7107d27e55a5acd30611de1f318d9fa1083669c6372761a31f8d991,105
092b3b159426f16f4059eb271948e705bb747d5cc78dc5007ce9286b700fe9a4,66
ba2a8243644f01d2ea0b75b2d93ecaae2143ff28ca11555b7812ec85af17e267,86
faf3ae39772e24f9d3ca1a7928729130d110d7b576a0509446cf00f0e216ad86,77
937c07fd0b7377b535c65bbf900778098fbd95b181b8e3912e67ed752440f3e6,84
52789fa75f03fada781d0e07057cf575447bb56909e9a4fbbc0d9ca3b62e7a6d,101
508d91fc7fff285f4726dd221b8e2b798b51a6563dcdc66df585c7caa2f0f7a4,60
7e50ac2ef271f4511ebb9fe2a12c89e210e169cf6615c44902e64481767c53b9,106
c9eea134807a061e8c09a16f257bdf644779549e8dc5986c23202bdd27af0c4a,111
d76da037a4829a9bdc50258ceb26d4d964081835031b22939f293ce66bcf2429,85
d02fc89455868fe86ebbb5695451341b27553ddd2783337dc574af6006945582,9
565f6e8d8be6d7cec72c9398a4608b442be0634520e95eab3b17334bb4a7afff,57
843992f4b0e04048ab528f2c4930483e66ac8e606b6b17d48bf1c7e7d9a16f0c,51
2ec5da8d0a43a2dab9055db23bb234ef8d02088447941e2d9343cfb7b818d2b5,103
3d292924569adad0eceb07b0817f9b3d491d1068c47b8252a48b407c45cca353,94
c1e27cc9158a1ff086fb93aa9333ef1b97ae368d504e203a0e54100745557f48,23
b29900836b47f1aa09b2bc8ff12756960dfa549eb5d3b68291e6d8ddeffe01c8,72
5d10928502d99b3a1decb5d783f61db6e7275ffd5c4f961a5b70b1d067df5ef9,64
b4e80bd7283851faa8545f41f4b836e709199a11f133d36f1be8a803948b5067,81
381fd74f2580ba1bd693b7bda45da5b5f00a6ae37c5f7227634e46607846daa4,22
0af1e672e612e0ac5162e4e8862cf0c52177763284e8d7cd24360d81130b4a28,63
3c3ded5a50ec7682882761bae14bc1cedcd556eec766a0ad9f567bd6cd8e91e4,120
5c345c0ec174419fe7579dea8113391a8350483c798ea663fcd729e53ccb4cac,38
82a0977152fd85f603a5b377c2c174864ed272e5657c9bb4a410093d5442fe2f,12
c2af747af5f751dfe6fa4c3e43f44daa84959263ca57c22d2db0c928d7a5115f,58
f98ff292e9036e0d652990e74ac41638dd83a4df2f7eae45e3528b49aac780e8,81
8d2f316bed8e02034b5e427a1b397e6e4de08ca2ba9cfc160db7ed848422b174,120
f5fa71ee58ed1640c28308272c57a83d19943f4538c95f08375768412b858685,121
95f2866212b421bc34cdbc034ee23243d547ea527adc5876611609dc55c7cac0,67
2abe5c854150f6fa6c69610e6202fe5fe62a7d88e3418e1f342cadf2476efbd7,56
e52de32d57ff31e070cc55a72d6cf7be5cdb7d7cfb25353278bb443b39d3e470,12
b0a1ae598ae735735ded55509ee1f6b4d9047286dc16c4d7fc9cee1a31f28790,95
5a55cddcf0984c419dec721c77f32ebdb2cd4965179f55184d8e3b38f5e3d7fb,71
94e142144098f58486463b09813a93445f55c5a4378178ed9676843eaf7a4df6,102
2582190eed69e4af11abe73ca23776c24b8606f3d38b57bde33861d38daef227,5
7ef7104ddd73e8f1e4894167525aaa63ce4dbf19ef864932208e51dfdda2dd01,32
b9540f799856defe205040364f49d56ac635d21c40a9c857bef3718b738d67c0,85
4d9a47c792f9985f5caddcafa472990f73b3f6ba3a5ea369a0233c20e22b8de0,109
ef04875dfa1a777493eca4ca8775f91704aa2ecbbc783443b4c0aeeac120414b,72
0275b13225b8185fb4fecc1b3c7aa7690520b443c8464c211d69bf98b6ee7e46,57
b07bcbb21c2b66a82301455e10a1efc91bface0c3e483db13bcc7c935454c8ec,109
2d4f76d346a62144bf81f42d0f2eedab22aaa04fce8b1d7c5fdc54bcf6598b8b,25
60c61b9d3985007ef07487c806972d83aa54f60371c9d8207b679cd6986fc454,68
c4586d0efb39358ae63768b115c56482efdd696e21362a90c88c80779adeb11d,63
93a86b5fd3edc3841ef434332877e1802d675ca116f36ec7cdb76471ed7fcd28,118
9d0aa6d795c1eee2f3464feafe0f43a86a59c8ff2e591a4868524cc21d6121c4,74
3de64874380448478e4dc5deef1186751f1465bd71b41c7455abbb9548372368,60
e79034d589616d9d0234de62022871f8b11d62fd679458e91f752b971b27a024,18
5b385b04fdf00b3d7c1b872bd40d15024c640aa1b83683cd0fb5530ccd74bb29,22
1a96d5ab8277cd1cb9dd53d0bc10641cfecb101f97458f838148b09fa86d54d7,72
7fa57d5642b98c511069485ba70d3092290dfcb5af7dba7dfe135cda06d651b5,21
e568d77b5335d95ad0eed16fbcf76977b620d49bd81834d76e90f113f760b78a,78
2f70a83d840699d61af528e7707ae91ad1797b9b5fafe3c90f4e0b061ae907c8,8
18cd2babce47121a892597a97faedbc6e91e605b852e8a37be5288b85f1e31a6,13
ddce5824a3cff1c3e5c77f27285c4c6fc1e2e7ba9cf97bcf6dc0852104ef850d,99
75e18854ff61e37de88af9a91365765a56e6fb6dbbe90100a39681529b5b9de6,8
94354d3535ce9d20b33c583d7b15973aea973e268bfe980ac23f0f2376f3abb5,58
bc1d739e8df730875b2f26213b4d1f1754997e31f1e85d6e645d0ecccc60988d,30
73e878a90a6cf282ec5d8ec5f46f848c281db25a85666e5a75e63b4b4c8a392a,75
c6a7d57807363a1c2e3d60199a71c75f983c9c8e04f70782f507d1c77607747d,22
a0eeab3f05d1f88b007b11fc79d75211617c75614940231c27e112d98b867fc3,13
1aebf345d228c9812be80504b055d15295df9483f138208e3d1890ae29dfbe5a,116
fa4aab2cc013babb891c9e4556586c085ae3d620cac656aa92e533b49f32c291,10
5812dc94aacc94c51145583ecb0c6e16167fdd39ccc0c364e14f66a4baad816f,72
56643b7798668d433c80f67c7b77178383331a8633716f366ab967e0abfcafd1,85
6cf0454b3327d500753f0002f6895cf1e2473346a476c32d8dc35509f285785c,55
49801251bc33c7da72607077d03b9c8297860347d296f1e7d6d4355a6fb866c0,71
1c872b96e8fc8d535b383c1d325ec4bbc26803d233ca6ca3ade69d8348b57bdd,120
4f19460aef388dab1acb3b6ab8a9a823ddc0ed9d163ca5bfac24f5277a2b3bde,65
ae357c5b69394d4a2b58ea131bf70f271dcf7bfb401cf5ce32196ac2c50aa2a9,71
5bffe4c797bea2f3eb485e1164142b131e1a888f61a2ea2dfcdbaa06d7b27760,104
c7c00e08f4f659e3ab3f5bcac8c5a47e815f9b9d1795af5bcbe75803812c13e4,9
5414829810f2101a4476c8225f4ed4eece39d6bc2f9d30e93958d2c89ad1f1d5,61
bf21c1dc624e335e3d0ae0ee9ceff132446b2c533ae0475165683b02dfe436ee,112
9ce4ee15176c15a5a45b01f4384d09cc05df9567b07946a475b89280943351de,115
6dfd08561c61659c9a031579fe14a98a8a4733329ff8aa1bc104ac9adedab28e,108
2fd414eb01449780b86db4e0fff9f52d8e50ae68e682738e7bfbc03b50869a53,96
47092870a7aa12a4c8772416dd31f4e409bce6b06e3e1fa7f72676206b210869,60
6290617dcff7ac83e2767a3ec5a5e328b63cb09370ff3f502fce674fdde155bf,78
aaed43fee9a459f519aaeb8b6b2dcb8a87a6a43a119abcc9f0c5163c273ba847,105
100019e8f72e1ea031614f1443dad54998f32915ed539ef3cba6da9db51d44c9,65
d720f22c923b0f26c0d5ba3526a039b40ff530719b0290cd09605af904208445,89
f694b95894b0532a2ab6fe473fc88243afea273ab71756cb9bd0998cbc0750ab,17
bffb69068dfec147886d677dc8411842df4419a6c3912e71ae2a8f5e542eda57,54
7e161c0f7bb5ade0dcfe8388a21b82cd4a774beaa3e3c732c17a2d7ced47d319,88
f1a9582457c9e0f473ac2153b7f92736298001faa58cdf73a90c12c957d427b7,82
920faa3249491b06d11e9f1d67cbaaaac396f1fd540bc6da018ff6a7afa7b993,82
5f8fb0f7f46ad7d73553751b312e3bbbb525dc37fd90e1a9d9d1db7b10379b85,76
c6f230c273d18008c1bc7d111a55225afeeb90f3c427c3501e63662e5c805058,17
caca073efe526a2745ea7486ac3cc10da7aec25617f1f19de70458de59a57b51,114
7ed01ab8b7bb2e1789dae0431289394f25e83f02e8b3c51d6e515227733cced7,97
a98009963348d385a8a3c8c4747d09f07c14e4c21bc65166c6862751efdc61b2,24
af8ab66e41d8447930e1039ec14b0a82e5d73976f3f5ba515f374d7b0396eb6c,33
704b53da99c5fd311f80d8fdab1be0f9c186f4411d954c97f8226f672a144edb,18
bc01e91b90e9551c680ade0efc19e2551fd5895fe45fa61f825c13df7a7f917b,27
538b5cb3f4c36ffa03f61198ee848d4ad62390b9daee82ed9772eb8d5af43dc8,3
77a4e016cd7fa95f1d37947c8f269e0ae2587f26df40546db2a508c60dd410d8,30
bc36e943b704eeb683a7d34a6d7ccfeb673b64f051d428db7c825addc470a5d3,65
ebe6c07edbce65f501c2c126c313bae76f98e3294f6ab41b67a92c256e381fae,23
8a6175aea257196ffff319458bf19149f09335a4c7f6d44fa593a9d9ea8057a5,81
5189ceb85cbfd6feba24885cb4baba598febfda439190505cf0117fa8acd353d,37
43ccc5231163d339f8730fce19043df30ed5a1e84dec34a66b2f5e00a529378a,22
afb2b8eda87895a74dc0734239d72753b6cba78c5024d8fa7a1f8e8a91207587,32
15e463c8e8da6aeb31d0ae64b4d4e4e179aae15c6ad83037328c66b96c4d45cb,31
ff8b5c3f735975177c6436be3f4f8b498ce18abfec76ff68d7cb892468558adc,17
399c2539349bbee7f6d7f5a0661f86366b44d66d07f21daddae89e2c207bafe5,53
c427dd49f10a33b9f50f6cf251776163d8b60335ad0aa3c9c85c6180360fda5e,15
16074951108db932f8b36f28488a85ac0e8b37af643ef364e86c4bf53b32a52f,71
4e9ac1f55a7ca59a7926ae15d66bbfadcfbd3c3c01e871bae21cf4c7b43e8c26,106
4a32c63680e396c16b218912c00178f09a6ea6902bfa7d68886610bdf4b90a1c,117
887073c6c42258a6986b8db2be4d4c33cf802b68dbfd1cca4b6db2c579ef69cf,92
0c75e8f9930c2bfaebc16cd9d8a2b3fe429753bc3216d4f41a9a6748addf4e4e,38
630d3ed1711f78356855dba83c16a2347a9d45ecb813ab2a82dbb69746c00916,120
1699484ecc6e752ea728bef80909aa73fea018cdd5843ca4785fe3d02d89f05f,78
404158b8653537f558b907d7c12e98503698d10524c4341d7b398b9c34a39806,104
5569e0ac81f3f2ef6b4fc1a09e88acf29b08d4822a606f6577f3e4d3e26f3389,114
0425758baf7674e4b50f5d2e9918a71f2fadb71fed5467bb886a23f2c222d52a,7
e6e4f68b9e93a34a3af2edad50542c6bfa40c53e51c6392eec168dfc9c1dcfdd,26
89796a12bb65728f78f3b55d266f21a986f22d2c78ebd18223aaa1b14048419d,24
c047720d0ccf5525aad096a8e1f75f6496ca13f5ca16ca7309765f1df3c74139,11
445f554d4a493a815d59dbbcb7b529f7718d417cae4ba0e4c0e1e5cad88b44c0,78
5a95cd45e1294e4c3da3c81765cbbae94e2fb4ff9602064a2b7ac015bb630c86,86
ad12810b42636f3ef51025d39a9b8fba0cf4a3c16943c75ab1bfc03f6cdbd413,69
31609938073980a97c940e753f3f5c37c2335b8d78b5426099905e558a6bc92c,64
8c56a0712fb388398e2495fca3cddff8bf95e82017f07a29ad86c5cebb6ec207,91
9b0b206e2c7aa8bb7461351d779f8061e5a67b2446318f4ba6cb39e9fac59e6c,108
4d4c35cea7a5bcaa4fe83b13513c7a466756c102a1d46b83b49efc196c3d0efe,50
ff6466293c41ce996f1f42d834820ddfff7163ffc147364f905da5e25417830c,101
a4fc5c3de0e94b59207b175dd299e3896ddcbc8a708f62bf9d68eb720d49c5b2,28
867c3fab2ab8505598af9e4b30edc2a5ba9d073115da34be5defbcdfb3c82ba1,53
84c7ba9b7572693009f2687d43b1459cad3e09c200508c6c0469ae7d3aac4fc9,114
6974d96c470130fd89f69b07865ab0b1f6cf9ecbf916f0b2155dc7949da03c39,71
2d8e44002911409027d632df2b36a4d08eb2445234b444d48744236778b45abc,32
682065ed25379a7e6e98602967ff1780d1083cc070dd766309f6d5db3f943714,57
ae09b0fcf6db04ba94abfcdc0be19eb4bdb3b0d6ca6f6509558f5349836dec77,112
93cb5f07b9c2ce52c1457f158c82a22a910d8ffccc4ada655c157d7d56840410,87
9bc6f3a17261c992277c3006eb006aa8eec68c14fcf6730e877897dc5bd47d55,94
4523db5d141492a1ad26a971dc44aaeb00f13ae198154437f7935101026ac815,29
78d853e245687393757222da44683b33f252fe5906fd1a524e9a4468b640ea7c,67
07738108808944e5c6e3b9cc71c31890fd1909fc337f8f8e4ff2a1ece8597f16,63
ca40da44da12c3f8aa6c3702ee737aaf556fc53eae359b20287ee28c8133365e,111
addfb5d262dca6df4b04bd6821ed1f32bef89f4f9ecc08f2ad4cb1ca4675b5a9,82
b8abc82fc35c1f2f22230a12d1c29be4e2e1013ed5e49307da55bd1522ad3512,99
c14c747058815b90b957912965bbad1ee9827a6aa518628c755b2cbb48869d4e,71
ad6f50f9392daac6d328dd1fbba9f1e0a013856e956bc7c3da2966d255a73e04,101
2a3d8374c360eb0fdfab30c9775b4a35ad0c59b8e4b1469bae3e0cb67c6eacc2,115
235edd9008dd8cb6f11f845cbbf1676e7bb44618ead8770b6274195a3bf767f5,120
d3ed9470e20895eecff8f88802389b2ed0c0ef97b46fc395b118a020d5645e35,119
bb4b40b0ae165fe15f48bf5bc77f00ce3720a1a3e72569e256feedfd478b5ebf,38
dbd0bf7f4e15e6c8a5431d13144a9f3c9e11ffef4d1bc6d54feef92ed16ec1ca,70
2abe537c79253f8e132fbc6ff2999e9855304e4ca60af2f39ef90c225ea21821,9
bb67f4b007221e779c2a3c1ae984308fcf8916adc322e8ce991cd887609c9d07,8
336aef596c5415da35e6a09fc9500cd6b0cb9242d01e0066dd889e91c829eb2d,85
23842be83f4121f15eeee92f4e6aa2bc56ad60cde1bf5ebf035e394db5ad4663,33
b5b49d776edaee51d88eb5e916f120079c1ac1e23a5c86ac283c98b557e0f6fc,14
4bb33f11e3979c0f00d55bca2e5e3e23d661b41f0c133cb78e53a81e189afe44,40
c33a5b5254c85cedc8dddf4b5f1ef3a16803b24a51b0f231f3c4cbf3b1012387,80
a246a123e235a56c90800d0a8a8301438160f4abbeb545938f24c9a27ca6d3f1,113
357c220a082f87e26990f1ab6b4e5f3c1fdf96960324497d40422c2f89163be6,47
96672e0c633e07c3d69dc1729df37482684ac6108081feafcf3ad259893ffc4a,101
370d7c1411966b51134594432272ea0dd8a03b96a7d30288d1eb9cc6d9722959,96
19c4c54d0ce08845a7ba622957fd47d3b5fabb7adbbeb636b0a5dba417745d94,115
4f779fe4724ca35331142f9a4b0ec4a2a8ddc4586b2ee724bd0395dc88c3a5b2,52
ea4ed4ffb43557bf7a2970794c92bae1b8d226e65b2f49de8746da71acb25b1c,116
419884e9fc7e5b96874e32e38ef04ec2771447b429a98f71efd0637a863fabc7,33
468d9dbed77e7f236ccd6a41c5f104d459fd288a244b7df086439cd354c55d52,98
83ba9a26fece55a133496d829f67ac2f9fc159b2f795ef9f6b1db447334ee2a8,111
b5bb0afc0e146368591f29c10814c55715e996152180deaaed9874c2afdd0819,51
515f20350cfaecef962eceb0174c454919da2a42efa2802b6eeee5a9a5c35299,67
d3774b63940fcb24fa9991b5ac8933bf2f88a9b8c203faf8a006b2edfc9ad253,111
3cb4438f7719876f26b1721b92eb89b690ec0038fab306f06a4daf9d66ec7448,76
ac166ffbbf2a224dfb9b05e623dfa8fd99b8bb4fef190e7854ca978eb84633c7,34
0c457f1bc9badb30381ccee86802815b2aaea4ed6b155be95f3d3eb9eb870ce3,93
50ff1f5d244eb0f2d1dbd0f3f7fe8089a4bf4509b02dbba1b569c3bfc09586db,64
38d1a71c7f7ab55f598e4b4f385ef065ef1fbe4f39f914bf5311d49f565ef8fc,8
0c68d821c6ce01cd87e874768ea0b4b312a577f976305a30185d1a0038af6820,107
79e20c44eb79289bd72e64be1eb30d699db32cb40086f13b7959caa89a707f15,25
3c8ad937bede75e4bb3039d43634498213be5e24c918881feb399c2a370031d7,105
9cba975aad3be9a97840c625dbc7143c14acc7fad5000c962961aa1986668170,106
3ce017f8c8e51a64ee6416ab8503bd10c1ba255e55fbe683bee10cd704c99272,78
5e2fb910c32a01420f7faaaaceb927a3b6271816ac57cee25b61be32535098f9,58
e7de1c4d560752f36e7b709b21921e803331c344388b6f413f18266be7aecae4,88
70378cb83a3826b3f71a4ef67293d876efd6b0a2a51278e30ed11ea0a427c8f1,32
4f09cbcd04ff69ad1c1e9a745da649bb5c46587b7e4bd016da9de2f42790dd48,23
b09b2f0d77825f4095bde86560a0820035cf88ae847cd1ea75be47dfa01261da,114
ba319375bffe57ee9fbef54d29b8ba6ac6cf2c94d5c55cee0a8f91eeaaad4f47,85
275de507a370aa38c3682f2c2e41e9e1c8c95a996bcca9adcc898eccacae1785,34
bfd5f6547979f50a34cdb41e027992433698ee99f3508fb86a4d2d9a1fc41241,89
065e8b21a7eee98ebeeb97337b28c2942ec3a23acd0b6ef0d12c495a9b4f0395,105
898258c4aa191b5f59553bf1b895ef7c5b5043fca4868732e1877fabd839dedb,5
77f1e7e5680700f6e3867101bbf95881ff45f8b6426ed261b7638d3655a80693,5
dffd1611962e3deb37632de10936d782f06137d76d64f67559e04df6d4ffa8c9,114
f5bda14f7996aabd1196e413b45d8d06c46b104cb7232513cb7a8909133007f6,67
91109f07b4e61734694f5563b954559802f4698eef3dabcd81dad1903c42dd2b,37
588673d514f6ed0c358e3c12c9a2ce886fe33852bc75ac7aa3fe4ed5b7269d82,114
e010482f72201c38cf0edb032dcc936087191d425cccdfcedd70a3ea26ead800,108
a1b587783f88203d0d76198a62996d87c14318a984b4c210a4b0b718788863ea,106
b84a5e56ea7f4f3099ca9e216be6ed45e96b1d761193588d710c06a2678bc8cf,109
7f6cd503e82057d013a5c4ff367d3e4e09e598c5908a1faea360f3cf3e09c0ef,51
f43bb13ab0000f64ada1733f9312da7c960a4adf5161745142d77f6d3bf51e3f,15
11e3f0406a39287e32aa7ad1241743e4aef64082c0876f331288b19c79945c24,121
f013467a54840bee1ce980af9190066c3f4004790d122eefaedd4366a6b1cd8d,86
7ce0434853fdabdfc8c4904862db1451299d361e57040503ca465d35633ce373,27
0531c63ab212124baae822e75bfcf00df7eff51f428804fb75defe1cb4c17026,92
26a6ac507ecc534ae08c4c86593588d62b2ecaeaa74cc8447250545e52e9789d,94
45e8ee41d2ceda0ea1784db6e3282da7c024f6772a8d9b86d41ad494aded7911,64
21ed3380ee421e61a0600ca0cc305b3c9df5b11d39befc880c4a6673bf70c0b5,59
b9268cc0ff51a0b57d56dacd72559396292e4901affb8ca99ebc96d59124dfe3,92
8ceea1ec08c1bba039b9916fa2c368ff1f6b11b44c52ff73f2029f3835cde47c,114
b90e84848a6b596af7d0cb4367c5fdefc37f2ca5058bed6390e4de0c64e743aa,87
396f14213b8643f7e74771700a9df5297515d4a548115d000bd6b1a60c7ae645,66
ac0998e535f29aab1c04276719d44151b34f014a8815862fc38eb0093104c276,39
82c7546beffe6da27fcf19dca1f8ea24c1b07fc9637fcd03a731806533283b1d,23
240880cd779d9eea70e863935c2dad7f96431c802bc3d9e7dc2a38f77354b699,116
71c65c3e436f932a813214a765d45bdd540591a244e9035373da7b20d54701d2,29
c967701ddbb5b6a2fa512ba535b8a55a629d3b76c4e4ddc2d9c53709ff678984,32
5b84a7eab612826c9bd3d230f469265d202e90fb9067adb5c9e9e5512b5d9cf8,75
9ad8e9d389f6118f6a0cff07654eb9762779192ae1ff166bcd7bbb75da60cc1c,120
cd77671001f4956d10a2e4e480afb2a56cc64fc63a3e891eb655b3c392126e6b,115
f0ab0e1916f53021c0bc95add1ee49801cc6a0d75166b30e3653685dce2412c2,54
6d55a51f58f1732484753f3923ebc44fae3bd1c425dc8d4b9976e51748453fb6,99
22bb1143d2772c2f1d4f571d71ce8ddefe3aac633283ef3a98dfa6b8161ee75d,63
c7b548da5915fd14bb4de9b0d2289adb9c1269da92a55f55472786f0c0cd446d,90
bc3e202ade2f8369ab58548f7a29570cda1cef4ba4634491e444c7c26cf170b5,32
6c8a7dd833fc80344a52d903fefbd425b4abbe5a3c1b3199680f12fb20057270,19
5ca0d1073424400290b0c74e0f1b4aacabef4506e5357518a2818ddc2fa7ef89,29
691c9e2103e474a8850e452ffa324292df3cff2c367daa51795d978d129185dc,33
db3b42a1fd10297e8bfe0e053d2220a3f7ee956ffbac8f65b50078d0e156b99e,42
8898a625be8ee78be6bdc78dfea64a1c9058a35098968fe30cff11cd2eb15902,58
9455f2d52f205c54292fd7d0e90dcd116d026bd8debcfa61d7c5a33b9940c155,117
e0ab63a902470d7f48e5c6ecec0401e76ca1fa2925e1ac8725041e6d5df4b0a4,37
7b1eee70eb7eed26228d74fd14d7070f7ccafb1c6ffbfd5093d11904e3f95e02,113
7e798fa410cf4aa35dc914c5855c09e0b70f8b9cb74bf8488a89729c1a51b764,121
72811a56789276ef479cb9b180b686ccb0497ad999bff5fd58787f4193c23b39,108
0257ddc25aca61b8e86d64e69f458b61f2c4b72310d05dbdf9fc9b6294539f5c,63
fe84e0ba8a0807ec3c3f1b803ed1f7d8be3927d7509cdd79c9ff56a8e46b6f83,120
88be0a850d902473ad171be66d963239f90911debadc10b7a34118d903f394f7,112
3b49817e0eedf4e91030b31f341af17b10c7ce33892040eab1cf562cf5f87130,63
947e484ffd2e85f9030b6999124528c32a2038a4acdf147ccb558c13a98cbc64,117
dc5bf486b87a1bf727f28a5d9cff9a9b91393e1138c1d92cb3804366bbb04b84,72
54869cb448b49f038ee8472a0c19519b3d522ef4858ea3a4626552a84a4096df,120
8cb4759cb2b7dd5037b2a5fcc24b6d39637b8cbfd88e36cedfe485edb76754dc,40
46047fa327feff834dfe86753cdac4adf1c3d8a34fb320bd8781af13e95ae34c,108
be6a6cd0b709bfa031ea9478abc66d6c9de470b7ee6a4e6a903b3e3d1e944dd9,107
ccf60146ed4deecfcc99bb299862e679b07a55ae357e987fa7cd02c9caa3bfc8,115
3bebafbe2c2cee464f607c6e65785cecb9e95a0915d825bb86abe0a07161a1a6,61
2f029c628a43ce8529ee152e678eb15707ce96cfee5e7515945452123b79b94e,103
f686059b4ff4903256e7b4c970d9760a93cf3d4d3fd0451768c17acfaca8a464,17
545d41355149a29f79e57e456b22e9a3e95f555c4985424576d46353c59b8424,22
00112527a4499a768559488e8e2ce5547523eb3851e293f9f5a3ed7a9fdea489,13
8a0d9008daf15f582a6ba00fa58a43ba534d080914bf97834bd49fc382cd3105,26
7c8113066f4a02d4c380cf1d889b915c4929699db0e85144fb5f9ec0a3bce522,61
4c83c5dbfc3a464535047775fe8d9610ffd93662e48a3f5e69deb9f99aad5da9,8
801eb702f6f2b7e677ab764c779a716210d775b8a8df1c274e51ded98a3af5f6,16
6c05572f3874b02d1f34aec703c234531bf8e2eafda54ebbd6daf3d7b23bb696,27
11e718c673e0a2872a6ea6c5d3741d954dfe3b3ce0e1838dfb5e271df03e7507,74
48de95393a668443415a76b783aa98de407dc7cfc92faf904496d0ec6cdea504,94
5d56a49a01c7df68fe9df1a48f08937d951e2738c030d91638c27452ccade5c2,14
adad40b739ba6ad3027a30f3dce1094f9bdb459bd39d406790efcd7d870bad32,100
35ff7db5b701b96bd128dba126d4fe577c734d941c086f8ff1296478ec4d4e50,62
4276398a2860766425843b978e486f386bdb87ddeccbee5b70f299f54767dbbb,99
a0d645682c2be6598d0740a867bd7c28b1bef0be6c8cc44701d8ece5488f7371,103
327bbd019bcf94c0e1990f9d50d8e4146441e73aff39699f847a355993342e50,56
d7e6e17a6a727521a6aeb58a9a2faea2e98418567fe062eef5ea60f3bee9f74f,77
756e528e07591b0498c6c8fd6b38fc792b921474b1746d2eb27c187d13bbc304,8
ee2df8ecc55aaa030be0bd1e70e5bd2d3731818d4dc44c3f1d3efd5f8da8d783,78
2f10c385cdd8d9fc3acb0b1fa0b9833b2291c8fdad9ff81a068c499a9d51a6da,60
a75659a9283dca9efe6156c4ecf6a70ca9f16edb35528e41b5fade95da4f2e48,50
ef62dcb82f5e9af3aa3bd1e99d79dd462ea5726f058b0233edeef64fbf0d6249,46
62b6eab0e3a994e8fc78fb0426dbb75baaa955d5ce083fd3f0e44c08e29f9c86,39
2c1810999d7bcaa61286f0d413405255b906fd62934c45daac3578796115de1b,61
c101f98540ae127555cb81930891f0dbba75cb0b1d3b83035d1a581f871ca907,25
59021328837c069c6b5cd80522c21fe5fe8c0f160734daa0db0b387c251b3a5c,96
4c67cff4bfdb9f57c1cd3f69a857a7def080d28cafe6bdb749088f0e020c277e,108
10d74ef6bf7a68b681db0f67c5501129497278e4f6711efd6693588159ee2f89,46
5058a13c892fa8bdabbeee395b3169d2b91d168937194afc35f8473a8374ffdf,68
5c6a20b4fc0ad7fb53bdcc78167dadd8977213e8ade64f8da09292bfdb37fd88,114
1705cee84ef18d5648aca87216aafb88d6f06074d8cb77d74db55791da77b6ad,68
8b221ef11fc5eddf774056a698efe774620dcd8fdc50d93fb936a40ba6eb2338,18
cdf73ab98713590160b3a561cf6842aaa0e617fca30ea7e529992ecbec1530c6,78
73f572e2724fac8e42fafaa3f4535accf9c54208ec9785931e9b10d63a2bc32a,67
28e5a000c7570df1c0b62ac3e41ba120d7c455e0aa46face936676bef79bbb88,33
840b35d45604155f75750f7bd1098803a8ab885c652430fcfa04d15e38ee5c8e,107
c470683f92ccc5f08a475287dd8faf4e0f17001bf8141dfa28ea18d4d98863e2,84
a166064e84ac25c7154d5c516bc55bad17f54b5dcd833e409b5daf1a2a4f6c01,106
0c4ade58f9668157e6c8db72e3c4d3784418a917e6814eccd3ac729c2a63bbc0,73
b9c7c1879a68b2efeee1c9d7b40b5e1b7faf172cff95bc19417eeb3424431f19,106
738e0b5525b80d9b0af388472aca3cd7cb96a64330665177af1854d26ee77e54,22
0896eae70303c9205bf1244265741a2465ce6bc3976b32cad17e7f17d97af19f,54
a58cf6cdeae15fe631b70c05ed8de3b31b0418d8f5e2a860527ac9c5d9557ac7,68
a1d13ec910c2f274b304c9e2a9dcd8a3654cf9c79db7acc9da48377242559975,10
ab2295ca98e96886590a685882f414e956008e4ba542335e1476f29d01f2cdc3,93
73964aaef9926bab63ffbf4b682fe47f65ca17802c81895e3d1f194df5df2560,70
7450c4ad0e4fac9984805299c4a52063ae1bd7efad8b3a7eb938c32a1998ed5d,72
7bfd6d1e471bdb195a64b6746ac7e71b8dbc46e1f95918d7748bb0934875a700,88
222a9481e0a68ac6e11e729f6635b5b3a243ad56369c9d4b4c688aa63a5e2085,25
87433366cc66a96c40f2c5b7334451129477241dd4b81c246e73195516a6f3c8,57
09720babe73cbb0a7f73a6644ef6a9c40b7bb7db46cba8a7a8066f6da05a1b93,48
372ba75fd0adc9a385e2ef9a234ee34557f738133a78bba13e539b79116557b0,17
6fdc2070d4b6783c879468afd9b23e2ad38c221da24d128186b11de924095796,60
431207f9c6e795a45c8f20631150409850816331672db0e1aa8e362e32325268,82
6ad7f9a91f81c5382e7f55701eb0571799a9ac893529d32c49c63c54a42a6652,18
c7619eb8b10d359fc9909889931802ce4417605b29513e5fb7eb66657fd060e8,108
71bcc830def5cff4c78fd34469f4b61ba50575371de0ad59171aa66a151877a7,76
6bec3549f07da569ae2eec582f140a78fe8f7d79a5577b6b5a7ed1ef04868e22,110
0a39a85d8cdde26864aabd66555f50af0aedc6aeaea98bf09ba945a10d2050f1,78
b107338831dfa954b234959b37acb25f7fcb90cd1c6e2d53ab5e4179419ede32,70
61c2d07a1edb087497d754dc798428940da56fd9833b0397c460978ff003ed54,60
fbf5a1296521975c030697088ab54fca022587b67ffed388d18ed2ba641d43b8,37
a2bd8924879f20b46312b2f40ad69cf6292a22b48868d26e6c4216ef750176a8,107
bb874689a82ac71983fa87c6c73748e4dc184be45da7fdf05ccaf0056380aefc,61
d4d4727df53a8d383344fbf9799b132dd2608ca86bd25842173e1ce9e4b06f10,103
07d4406bb08f8b07dbf6c7145f91f7fa52c02574455581345140ba6b1895b11e,93
036b6d2b736ab562f9ea0ce7f20fe71282ecbdd29b8f2e483341ef8d1f80c515,14
7dcccb83eca41067aaa2f987268650e3f86ae2cd4e8b23daa2495b83c61292a7,96
d5e2da2b6155c4f9f458b095355f97677ed1c5393ecee1bba50f01400005e3c6,59
4dd8bc794d0f0bbc344b2c064b3a0627ca6f38481e4cf9047f5ec9e5bd519417,50
699bba95ef3040c141ecfa2e609fdc538e363868fbd84e86d4e34804e0b22b1d,19
c44cdae9be84619ed3371033d573da9faa6ad04d4c58f7e0c61a01b22f42787e,53
f90781d1e95b56cf9071e3db3b23c459de91b25da20b2a4ca403a2f708953efc,66
70070fefb69e895d55bf2e836fc30a9dc64a4cedd86825b2313cdd578468d5e0,73
51e1447d7a9b586eb3366139f2409a5d289bca2f04866fb70a5f6c4b3f9d32df,95
8533508a1bf26a05a940f0dbb63e9c2635d2ca9a570ef63c350aad03786709cf,92
236413b16f8accf600ac6df211837f8a93ecf2473192423cb5f974a04d748bb2,86
e36ee575b942c493b80be20b5305313d3b22a0596865f0b8269dab783227a202,18
14410a0132b7fe8946462cd459ff6d0936268095ee4bfaf3687f1b9f8801133d,102
aa08f70082615ccb2cdf1f1408ca3889007971e3b3939cb6a842f333397cee0d,105
3a19301f151fb5945484207546d954a81ab862c9d10810418ec3f4d60b193aa4,109
8d3b30313d5c2685811b938392ca66f2a53960570234c7034276f0adf489564d,60
9d3fdba016cefed9f2fc00673265fd4988baf2ef798bbb3621764f665b69eb2c,82
b9441657cf0387bdce37fe4992adb2a8c6407cfcfdc356e2595554f76028eeae,30
c9d03b64c22d6920602b6386513e65280f2bc8226e0a98fd6ada6f6d057e0f7b,51
36bdf94a2f03d449be8ed11291e0034b54bc22b5239e73f11a9392f1cde4afa4,69
af133baef7e79c165dbfcdce91599b1356d063a1d15ed577aeb2c10f7c9c6433,116
a86fa36f6c0ee50cdb78f5552d0110c3f6dcfbd02f5abb63ea91d2afea9d5540,75
8d3c276001e023f5499e64ed9bc4fc6228d70088fe2abeca18aa902cb1f09008,117
5e9557496fa0a6ae0dfe5efe7ea400c11fc02c735f42c5f414d7e85d2dacd276,30
e0008666b1c4362631a1160d5b9b3f289b7395e3f05d61cd8f7586f09ab8955b,101
9542a83e1954da0b4d35a483bd79c232739f31c302b8bee208841f923979d04b,80
80320b67dcc79f0f6c90f011ce3cb050862d43581823ade1edef805f7fb52126,100
11d77cc4b0925e1c4890d01fd48c870145d2cf3be9f71cfbc522668b2eba2a12,71
245a454ed802b4b868191bb4e2b596ae571d80c7c487e8279b03c354554087fb,91
0fa8b069c8e29acf9e8728f775342909fd04a712a7fb8b3e11cb3792469f68ac,98
8cb3ae2ceb045aead50e096f8315a188284347fd39d54bbfff68e9950b61cc36,85
755bbfcd4a900ffdd0f4a63b09eb2f37e8d437cd6931a5f01b40903600056f22,22
4b0e40ad204ea47b5ce92ab301ae4af0b6a42804e53b2e5e7933ef7dd1a8a54d,23
cf643c6dfca71335c19798d714f730283234ab91e379a81cd53c12c54530cd66,10
bec9ee1d2f11af37791b0056146a10df67cc4febc32ca2607f3f8c278cef8370,10
0e30eb4de185edc9cae48a1150f03105588a55b632aa746f3cb37922fc2ea7f8,52
b074350249bc22994f6d03b51be9bc2fb7f5076f574269332682c7b7c06a44d7,97
c1dbb17fe8d95b3b58b21bc4420808cb36bc1dfe2d3367ce36c64d191598daea,45
ba404aeebe1bf1692a193b9905bf5d49b013b6759222523f14c0ee04444e2eb3,26
c93bffc4a7f17f7784eff02052be5f7b0e6428d3a9e42844df51f3fda1c6e8c1,72
2ba15867f7f3bc4f016a240b5e80cb2c560682aa0db7a6c68a2fd050175103ee,119
17c5582c0d69e58e3b4fc0ae45056e4877de838779d4d87ffce47b61380e0005,117
d3d5f9044aa078e8b837fce9e15b89f91bbfe6d0239a6f0a4840a500a02a00f5,75
52a00531f028d856a189b8bd498710b3ab3b5f79961d384a4284a56e3881c148,67
0d2333110d27cafb53e2f8b31ad01c71bc9613344b3ace291164fc81e6ae2e95,16
6350820010531e4cb7db00d63270eb86328ad8c1b29891c253364376916c95bf,118
6a9dcd6eda0df85d7ead76b71974f6c09ac345c9251675d4f5eeff4c584fcd0f,86
58c00551a049d3883b0205703c84ee448449cbbb0c5a468a2127060e062c7903,77
6c2491ab7edbc9e303a5a3e3e32c879ef5703ad974aaca6e2ec95ae05d2e5120,101
ce0d88ab2e39580d047e531540de011acaaf367c551604e3ea0704f0398b4709,17
a24285b4418f75eb3b702e1b712de4a07033ad208cf0ce3917fba36dc5c11630,3
5ca9095185ae9a83eb8f4b4549d658238b8f257d9400751774730f3eb9fc18e7,107
389086ee54d25a91d4e798d92956c1282a9a5320e595008d80a3a4ff4df45b64,17
a4b518058cdbd15ac15bfe943372bc40d18df459faf6ae4023f0583f58ddfa17,75
ef4c97cafd9b00cce8fe9ce5c5d8b085f2214b9626a05f44e26b7b40692f7d33,23
ea54ca6551bb8ab2f2c5ec5735bc525bfbd4a8d7b9540fe930acd7e70fb74cac,24
a290cf794d5b7950c5bf95ef48ee8edd6acd8ee89bb30d5de2f4dd72a5361e84,14
96073ad99cb252ae74c6c0c00c89677e4471f53183fc7240fdef9929d69fc028,82
2272bcfa01482567bc2533669bdbca88061c198e1ffaf5830becd8e2a7b5c87c,81
7e8fdcb0da18affd9995e4cfcc50fbaf2884143e39bc9fb2139bef9fe40604a1,48
4369105e35c63133c70011fcd983f31265a486d2fe0f6767d34075f39f884b36,35
c702cb83d080e9a71eca44d9c17150acc75d0fbf613ded0c7b20c7a4e85d0594,117
08dc134394b8ef1466f4c93ac264a144c984aff0562a42dac8cf7fb344477705,88
ae546bda91ec9c302d3bb401ae73031562d86f87db4ace4994def665908a8db3,74
a9b12994c3d6679e71b9ac5b629c43f79ada3c128bc1b696b2209887f1aef55c,11
f07a15a9ca4a101075ae07486509047668241bd24f11799aa3e9ac0617bdd88e,36
5be5a464449afc5525f8c4e058bf6902600d9260e5c7c19061334daf9fb2e9ce,76
4242186c5ba3403d65fa07725a22327b8651a76e596f8001e04d6bea4ce8e082,101
96d83158b8b557fcd3d7d65d3e9e2583b5b8e2a4b99bfa231f979536ab25d08a,37
80913b0bfbb965c8193645f7e5b02ff9da9463daff4015b169fbea13cb6ba3af,16
b8bf488916b407e9ca33eebae229d521224429921ef186ed3df54e29f3e80079,78
84dbe082d609570a1a3af0a64238a22b260a4943626aea7de4152d1d0937662b,61
d080817d6fb8868a478e0a83e45b82f70ab113135f9cb187e485eb2a75c7638d,29
8082d841e4f8020d31d4dc92f7cf872fb8fd0fd0f947b61efa34ca39364a7d36,68
523945c85dc483f6a6c466cd88250f6f4ddf4721f1144423ec3db23b04461d3f,65
9976eb6b6f8d69d879a2bf42186904b3be88a7fe93c92edfe3d5c2e06d9dca99,60
f1c00c09085985d5c3bd40d2c87a7c1afa61933ee1509e7729e964d93ab26977,110
7145de8f33a2c4ec28089f15457fb5fcfbdd75e3d9ae424cc5b5784c6426f333,116
c13f293bad10be5a02aa3b8d4316f23dd6366c5c49fccea1d79316a7eae1d687,107
f5517429ac89819d20d46f9fa230386ff79f9f1a55c3c37b69f3076ae3b927d3,110
3a2445774bc7589a94bf1afbd399de049ed09c2b5e9d353a6e4fa476b9b8e833,101
26ea2b0076c36413b8c1fec55b064e8f21f476a3edb413efe8d03465b88f46a4,94
f2cac9772d9ef3249de7851bf3ecde2ddd225ecddd2200fdfb642f21782862fb,32
79747c3f7c57bdd59c3766091c126eb00b9dedf484ad841f4a1db5b4fecb3506,38
6dfd1f28e42200efef8939f832122a35f666b531cbe2687bb8b898ef395a3b3f,102
bf6aa8920fb13cd80897fa44c628f7a97ce47ec9562b4909d2fcfa749bc8ac78,74
b1fb0e198a45714a7380267612808a2dd203739efaf622c9de302690169d535b,36
0706966fab51e703d78fdb0c6839bf7781b4471d19f167c61bc457eb1f0e8497,24
1ae5675311123eeb14de71ed1a8246c0f678782f9e9f89e9917bcdce45e14971,106
3e36eca21508b3a93d9a1c2c7cd86f2f6a02e1a4370cf0447bd3934c054a3e96,102
9e3ed4a8af706752a4353935d8eaac63efe45f0eaf3869fb506b2d9f4493da27,101
14475add5e3088ccd2273a91679344eb85c36f8e884c5610d61b2a3734687d78,83
070418cdd5c742f7b1ee369f956bc57022e588b4123f7a98d2fd6bfd2807e2c4,120
c5be95cd6852b70999ef99ef4db4b1c5b2faa213ddf5d8a623e1b2e36e3c225f,33
aa1ff0f0d8e6ff622882984aa4ea16ede563d7bd15f876711188060dc64f5908,104
d5241c70de216da27d3621d8852e5762a1d939569e4da8db6362ab0078d7503f,12
0f30b23481d3965d96c0d3eedf112a225ca8e15b9571051c5e3a6709e633a0d8,58
a9c3c389253a0829c591438506a9741fc218e2b11dcee464fade56b94934947f,118
e68f5a4a1dc2206e8a1822760760b06827eb4a9c36e10d128966e3ea478a240a,80
d4085f84434c11c3002aec8b2639e303bcb9011a74ea98bac3ddd1569c0d3461,110
9f9fb3108969e1bddf9ff1c734e5b6925633c5373644330c4826ce2944c08094,83
e8885d4acfe6b3d3e95c33ed24e12fde6046d66b896a31667b021394393b486d,84
60c553afdef1309f99e776daa1860e710b8fc87c8f8e6af8f55120eee399d41e,86
d8bc5ced898d1059a95ad43bd567d599ecb1172713019e5ca9f019452e2205ea,96
ad8a9e6f89e8294856796be4b03ab31884f5822ff5e19298cea63f016203d4f2,76
b63583ebbc8f617c1d9f75c49728fd792fbe31c19cb4f7606f4e1e9dffbb8d8f,24
f1ceb6d4f32fb260ed60c1eb6777e54fcc70759768a0faa685875c3916734c7f,8
0e9d4dc8d0b68383d61f60636272c99b6501cc22f2ea212720c818057be0a9b6,81
28257616a02327a4560674c59e7484de0b265e00db8c94ac44dfb28e74a1a682,12
d05e0954914e696312e1211a4772ea2af92854ff8738a34d2c26c58c6c51312d,34
10e762de2abd8ab6123deccb9ceff8a70e91dfb3e90f36ff29365e0eb788f696,33
fb8c7c57bd7c61ac7ffed8f50c76b8080c6a1d92ffcdd90eeba7c3ff86b71792,33
64bca0bf09cde3a9c48feb558094dbd3d26c9e4e8ae4872f7b0e09ae26c598f5,26
f57d81aa4125d98d8aea81030897314558a5d080cfd9996a995008982854d610,44
da015d60d369908ce730bc39d317d589439d91b97f570c6eca5505a6bf86b131,106
22ad08df2f97a14c5bc0ca5e5586675dae957c7063b28ed7bac9b98e79108618,64
e450c7e1233fd9ac6f91842a0b93043b9c14a4e0b90c09f0bddc190d1577f707,107
cd0902b4ca44bd945776a7eda4104461dd858989e8f858225f19de06e5a0d342,22
b3464280f19691ea933688a08ffae1e73a8b8c17a14785249e13c2df8ee8394f,18
05a92905f72e4ee0f9f9387076c92c526ba1932df53d9894fc284d3eb8f5e33d,98
c8fb02f70cbc211cd86ae9106418814f8f29fe53ad3754470c1f1a980362cc24,116
442dd645d690a5975c87060917e0685d1c4831032902e1b0829b92f57c40f987,105
2639e7a3b177e845407b661271a6548280d070a55280cb2ce154c9d80ad58fd9,55
5dee01706650b2e3cd0d634d487bd3f6d2bc2b6506b168e30f3c6a6ad624cab8,78
4bab269076889943d3f0be1e45575996fc7c3a7922fde3e1f242ddb773606735,72
75d462c3b0cfb8b461c110fdcc9f68bfd300d694052b7d50398ebfbf5a21f1c9,27
e80f340578f8a66221c4793260ff536917cbdbdc3308cfb0e37ed93fcc5b4bec,101
038f5d70fceb6d38e2993e96db687676411d8c768d55a0d2f49c1c074ff5b75c,102
c0bd8537ff65104dca506248d14dc0bbd1324ff1cd90be9031ba4bdbff9b1c6e,23
45fbd8a2d3102fe38793258a027604669f9e2565ea66b86e45adf318d584e3bf,100
7dc9ba404c2278de0ab2304e837da9916b8eb08273ae4963e961312f98f3868d,25
6fb71c9353ea06fdd4a6138c47bcb122fa2f436bf200f1a846590fb7af8d9d2d,77
26d6aac1d64a44272f6e9188a50f0e00bf22bc70a2e31ec7410b420e5a3d0c6b,59
e50c78ecf984df4c7ed721a5e8bf37c7f6c0e205b02320abbed9f627976fa9c0,74
6656bb2e9a5d2496fa7db408106eee78140b8bbfaee6c6668a0882ad8e38c810,85
3110eab5905767e4951d43de4000764f7a95bf34684c9d2bf694e59976b3ac5d,50
9639caf8befce49e26cc9808251120d989e5f379c616365c10063ae9100251b3,79
866b1ea2dfb613dbead3a9860cc9e1fd51d2e4f58306fbc97f88b649dba333fc,57
5697c777e433c8d69eb3f7301bae1b10eb13644a28bbd4135945b46fe1063e7b,95
80ddb38fd010958b1cd28132e013d778ce10c71e2c1248ddd4086a0a3b29c209,6
0e869fc17d2479eda3f6ae03ca57becff09c6319c7fbcf2692ed420b120ad639,117
a59adb6c5b5cefa22962a4b704e30768c0c7c1111d455b584570c298609373fa,109
7fe4fa3b44349a0fc855fd6400a18e166577091570c3929b2157e40299ee442c,65
5a4a083fd962ca7d5a1093bc85c52807013fcd2ca48d3fce3a7cd47f5509349a,115
30d9e72a4a510e505bc3f701b64256f854c8de342ffd665178706ac053cc6cbb,31
0996aeb8f41fcdfe35f4602e1f053270b0130fae16ba984cda79334c8ce55025,37
fdb0b576068e97283aa16e646aabc679bbfb717fa19ddae5f54816370cc933c9,64
4ec89280a9c1f6ef52836fddb975a6128f95ce12a0c6cbada71bb04b62b0b8f9,106
44f737273ec234ba3920d42f1c800b97607e8a8ce206dabf61e6617ff3f0656f,35
97c86a7df8f8b9d28187919ffbf76e5ffe6c279476b40c922e872d32cc7be217,57
c666e72d51a51e29b05411afcd76a431120b046a136e0e7c13f3908050d8f35b,112
e0c1f744500a799b60e4cd5e1adf24999518718653da3fcb438953814c96c24b,97
76a7e004e009278fd1eac9d2ae7690aac89ee492bf812679ecd2acdb64aa2314,15
a3e74a7be662bb44158106b280c19021ab8f9476cabfb5a94066da94fdeede40,114
575aeab2dfc19a62a23e2c8553a9ac1220b5c9ef3511b76c4e917f5e97c523fb,79
4acf1024b23968f3e49a5469a0d560eb0b7f6371716b44e39418d100e0e8650b,5
e6749cd773f3a3524869a33fc27ebe03e46b06333d081667288d6c497173ca74,67
70645c55b545542e1cda997b85bc56c6e933c78ca8e9e598b212b4e00c54990e,26
e50562bc06e3105fc4e428b2402c21609432ad1bb5d0fb8bb1ed46ad79a52b38,19
7c2650b773e483ef56a5dba835595c841a001ca7a3c6a082bf4b4cd162c5b177,65
d429dde458a9232edf087978fb5d8201ef758615c0140fe5e05bebdd101b7e30,91
eb67cee59d478a2157bb421a414e7e52294aafb169443ee11b76ab911f0eaf19,103
0dc3b10899fbf31411e3a32f2720ab7e8f9623423d22653aa07d5389b1589e0e,4
ac5a41e0717ce2f54d7246e708b877dc4eb19200ee61e080dea34b554ccf5350,53
640028cfabeb311532334fe930a1ccb82a476115854ff3a2cbe0d91a7d3b2a96,16
a968f594605939475eb3683a69e2f996842d15a4b362634d1ecc723b424f62fe,106
e0da3b16997b5e2586b9bc27fb3befb16c1c0da82eefee6244e0ea4f51782c8e,121
